DATE,PM2.5(ug/m3),PM10(ug/m3),CO2(ppm),TEMPERATURE,HUMIDITY,TEMPUNIT
2024-11-16 00:00:35,003.9,006.6,482,072.4,041.7,F
2024-11-16 00:01:35,004.1,006.7,487,072.5,041.7,F
2024-11-16 00:02:35,004.4,007.7,488,072.5,041.7,F
2024-11-16 00:03:35,003.8,006.0,488,072.6,041.8,F
2024-11-16 00:04:35,003.7,005.4,488,072.8,041.7,F
2024-11-16 00:05:35,004.9,007.9,496,072.7,041.7,F
2024-11-16 00:06:35,004.5,006.8,501,072.8,041.8,F
2024-11-16 00:07:35,004.6,007.8,506,073.0,041.7,F
2024-11-16 00:08:35,004.6,007.1,507,072.9,041.6,F
2024-11-16 00:09:35,004.8,007.7,509,073.0,041.7,F
2024-11-16 00:10:35,004.8,008.0,511,073.2,041.6,F
2024-11-16 00:11:35,004.1,007.1,515,073.1,041.5,F
2024-11-16 00:12:35,004.6,006.8,520,073.2,041.5,F
2024-11-16 00:13:35,004.6,007.3,522,073.2,041.5,F
2024-11-16 00:14:35,004.7,007.6,522,073.3,041.5,F
2024-11-16 00:15:35,005.1,008.1,502,073.4,041.3,F
2024-11-16 00:16:35,003.6,006.0,471,073.1,041.2,F
2024-11-16 00:17:35,003.2,004.4,444,073.0,041.4,F
2024-11-16 00:18:35,003.9,006.3,433,073.0,041.4,F
2024-11-16 00:19:35,003.2,005.5,432,072.7,041.4,F
2024-11-16 00:20:35,002.8,004.6,430,072.6,041.5,F
2024-11-16 00:21:35,003.8,006.6,428,072.5,041.7,F
2024-11-16 00:22:35,003.9,006.4,427,072.4,041.9,F
2024-11-16 00:23:35,003.2,005.4,425,072.4,041.9,F
2024-11-16 00:24:35,002.9,005.0,419,072.2,041.9,F
2024-11-16 00:25:35,003.2,004.7,418,072.1,042.2,F
2024-11-16 00:26:35,003.6,005.7,432,072.3,042.1,F
2024-11-16 00:27:35,004.0,006.0,448,072.2,042.1,F
2024-11-16 00:28:35,003.8,005.7,462,072.2,042.1,F
2024-11-16 00:29:35,003.6,005.9,467,072.3,042.1,F
2024-11-16 00:30:35,003.8,005.8,476,072.4,042.2,F
2024-11-16 00:31:35,003.8,006.1,486,072.6,042.2,F
2024-11-16 00:32:35,003.5,006.1,493,072.5,042.2,F
2024-11-16 00:33:35,004.4,007.2,497,072.6,042.2,F
2024-11-16 00:34:35,003.4,005.6,498,072.8,042.1,F
2024-11-16 00:35:35,003.8,006.3,503,072.7,042.1,F
2024-11-16 00:36:35,003.6,006.2,504,072.8,042.2,F
2024-11-16 00:37:35,003.7,005.9,506,073.0,042.1,F
2024-11-16 00:38:35,004.5,006.7,510,072.9,042.0,F
2024-11-16 00:39:35,003.9,005.9,513,072.9,042.0,F
2024-11-16 00:40:35,003.8,006.3,514,073.0,042.0,F
2024-11-16 00:41:35,004.0,006.9,516,073.0,042.0,F
2024-11-16 00:42:35,004.0,006.8,513,073.3,041.8,F
2024-11-16 00:43:35,004.1,006.8,520,073.2,041.8,F
2024-11-16 00:44:35,004.0,007.1,506,073.2,041.8,F
2024-11-16 00:45:35,003.1,005.2,476,073.3,041.5,F
2024-11-16 00:46:35,003.0,004.2,451,073.0,041.5,F
2024-11-16 00:47:35,002.8,004.6,444,072.8,041.6,F
2024-11-16 00:48:35,002.8,005.2,442,072.7,041.7,F
2024-11-16 00:49:35,002.8,004.6,440,072.6,041.9,F
2024-11-16 00:50:35,002.6,004.2,434,072.7,041.9,F
2024-11-16 00:51:35,002.9,004.7,429,072.3,041.9,F
2024-11-16 00:52:35,002.8,004.8,423,072.2,042.1,F
2024-11-16 00:53:35,002.5,004.0,421,072.3,042.1,F
2024-11-16 00:54:35,003.4,005.6,419,072.0,042.2,F
2024-11-16 00:55:35,002.6,004.4,417,071.9,042.3,F
2024-11-16 00:56:35,003.6,005.8,429,071.9,042.4,F
2024-11-16 00:57:35,002.6,004.0,437,071.9,042.4,F
2024-11-16 00:58:35,003.2,005.1,453,072.0,042.4,F
2024-11-16 00:59:35,002.9,004.7,460,072.1,042.4,F
2024-11-16 01:00:35,003.7,005.8,463,072.1,042.5,F
2024-11-16 01:01:35,003.4,006.1,471,072.4,042.4,F
2024-11-16 01:02:35,003.2,005.0,486,072.3,042.4,F
2024-11-16 01:03:35,003.3,005.7,492,072.4,042.6,F
2024-11-16 01:04:35,004.0,006.8,497,072.6,042.4,F
2024-11-16 01:05:35,003.4,005.0,495,072.5,042.4,F
2024-11-16 01:06:35,003.7,005.9,494,072.5,042.4,F
2024-11-16 01:07:35,004.1,006.8,502,072.5,042.5,F
2024-11-16 01:08:35,003.4,005.8,508,072.6,042.6,F
2024-11-16 01:09:35,003.6,005.6,515,072.9,042.5,F
2024-11-16 01:10:35,003.3,005.8,515,072.7,042.4,F
2024-11-16 01:11:35,004.2,006.6,514,072.8,042.5,F
2024-11-16 01:12:35,003.5,005.6,528,073.1,042.4,F
2024-11-16 01:13:35,004.0,006.7,530,072.9,042.3,F
2024-11-16 01:14:35,003.2,005.2,523,073.0,042.3,F
2024-11-16 01:15:35,002.7,004.3,493,072.9,042.2,F
2024-11-16 01:16:35,002.8,004.8,466,072.8,042.1,F
2024-11-16 01:17:35,003.0,004.8,453,072.9,042.1,F
2024-11-16 01:18:35,002.8,004.6,447,072.6,042.1,F
2024-11-16 01:19:35,002.8,004.8,441,072.5,042.2,F
2024-11-16 01:20:35,002.8,004.5,437,072.5,042.2,F
2024-11-16 01:21:35,002.6,004.4,430,072.2,042.1,F
2024-11-16 01:22:35,003.3,005.5,430,072.1,042.4,F
2024-11-16 01:23:35,002.8,004.8,429,072.2,042.3,F
2024-11-16 01:24:35,003.0,005.5,428,071.9,042.4,F
2024-11-16 01:25:35,002.9,004.1,423,071.8,042.4,F
2024-11-16 01:26:35,003.0,004.1,425,071.8,042.5,F
2024-11-16 01:27:35,002.9,005.2,435,071.8,042.7,F
2024-11-16 01:28:35,003.1,005.1,452,072.1,042.6,F
2024-11-16 01:29:36,002.7,004.8,463,072.0,042.6,F
2024-11-16 01:30:36,002.6,004.1,468,072.0,042.7,F
2024-11-16 01:31:36,003.3,005.2,480,072.3,042.6,F
2024-11-16 01:32:36,002.9,004.5,487,072.2,042.6,F
2024-11-16 01:33:36,003.4,005.7,494,072.3,042.7,F
2024-11-16 01:34:36,003.5,006.0,497,072.3,042.6,F
2024-11-16 01:35:36,003.2,005.1,492,072.4,042.7,F
2024-11-16 01:36:36,003.2,005.4,495,072.7,042.5,F
2024-11-16 01:37:36,003.3,005.1,502,072.6,042.6,F
2024-11-16 01:38:36,003.2,005.1,504,072.6,042.6,F
2024-11-16 01:39:36,003.3,005.3,511,072.9,042.4,F
2024-11-16 01:40:36,003.1,004.6,509,072.8,042.3,F
2024-11-16 01:41:36,003.5,005.7,511,072.8,042.4,F
2024-11-16 01:42:36,003.5,005.9,514,073.1,042.3,F
2024-11-16 01:43:36,003.5,006.0,519,072.9,042.3,F
2024-11-16 01:44:36,003.2,005.2,517,073.0,042.2,F
2024-11-16 01:45:36,003.2,005.2,521,073.1,042.2,F
2024-11-16 01:46:36,004.3,007.5,522,073.1,042.2,F
2024-11-16 01:47:36,003.0,004.5,494,073.2,041.9,F
2024-11-16 01:48:36,002.6,003.9,472,073.0,041.7,F
2024-11-16 01:49:36,002.8,004.7,456,072.8,041.8,F
2024-11-16 01:50:36,002.8,004.5,450,072.9,041.7,F
2024-11-16 01:51:36,002.4,004.4,445,072.6,041.7,F
2024-11-16 01:52:36,002.9,005.1,440,072.5,041.7,F
2024-11-16 01:53:36,002.5,004.2,436,072.3,041.7,F
2024-11-16 01:54:36,002.8,004.5,433,072.2,041.8,F
2024-11-16 01:55:36,002.4,003.8,430,072.1,041.9,F
2024-11-16 01:56:36,002.5,004.3,429,072.0,042.0,F
2024-11-16 01:57:36,002.7,004.0,437,072.1,042.2,F
2024-11-16 01:58:36,002.6,004.1,444,072.3,042.1,F
2024-11-16 01:59:36,002.7,004.4,456,072.2,042.2,F
2024-11-16 02:00:36,003.7,005.8,463,072.3,042.3,F
2024-11-16 02:01:36,002.4,003.7,475,072.5,042.2,F
2024-11-16 02:02:36,003.6,006.2,487,072.4,042.3,F
2024-11-16 02:03:36,002.9,005.1,495,072.4,042.3,F
2024-11-16 02:04:36,003.4,005.5,505,072.5,042.3,F
2024-11-16 02:05:36,002.8,004.6,508,072.6,042.4,F
2024-11-16 02:06:36,003.4,005.7,507,072.8,042.3,F
2024-11-16 02:07:36,003.6,005.3,508,072.7,042.2,F
2024-11-16 02:08:36,002.8,005.2,508,072.8,042.3,F
2024-11-16 02:09:36,003.3,005.2,507,073.0,042.1,F
2024-11-16 02:10:36,003.5,005.4,512,072.9,042.1,F
2024-11-16 02:11:36,003.2,005.5,512,073.0,042.2,F
2024-11-16 02:12:36,002.8,004.4,512,073.1,042.1,F
2024-11-16 02:13:36,003.4,004.6,513,073.0,042.0,F
2024-11-16 02:14:36,003.1,005.0,522,073.1,042.0,F
2024-11-16 02:15:36,002.7,004.2,533,073.2,042.1,F
2024-11-16 02:16:36,003.6,005.2,530,073.2,042.1,F
2024-11-16 02:17:36,003.5,006.3,511,073.3,041.7,F
2024-11-16 02:18:36,002.9,004.8,483,073.1,041.4,F
2024-11-16 02:19:36,002.6,004.2,468,073.0,041.4,F
2024-11-16 02:20:36,002.7,004.6,456,073.0,041.4,F
2024-11-16 02:21:36,002.5,004.4,455,072.7,041.4,F
2024-11-16 02:22:36,003.0,005.2,456,072.6,041.5,F
2024-11-16 02:23:36,002.7,004.3,456,072.6,041.4,F
2024-11-16 02:24:36,002.3,003.8,456,072.2,041.5,F
2024-11-16 02:25:36,002.8,004.6,451,072.1,041.5,F
2024-11-16 02:26:36,002.8,004.8,442,072.1,041.5,F
2024-11-16 02:27:36,002.3,003.5,445,072.1,041.8,F
2024-11-16 02:28:36,002.7,004.6,454,072.3,041.8,F
2024-11-16 02:29:36,003.0,004.9,460,072.2,041.9,F
2024-11-16 02:30:36,002.9,004.9,471,072.3,042.0,F
2024-11-16 02:31:36,003.4,005.3,474,072.5,041.9,F
2024-11-16 02:32:37,002.7,004.2,484,072.4,042.0,F
2024-11-16 02:33:37,002.7,004.3,494,072.5,042.0,F
2024-11-16 02:34:37,003.1,005.3,499,072.5,042.0,F
2024-11-16 02:35:37,002.6,004.3,502,072.6,042.1,F
2024-11-16 02:36:37,003.1,004.2,505,072.8,042.0,F
2024-11-16 02:37:37,003.0,004.6,506,072.7,042.0,F
2024-11-16 02:38:37,003.8,006.0,509,072.7,042.1,F
2024-11-16 02:39:37,003.0,005.6,513,073.0,041.9,F
2024-11-16 02:40:37,003.1,004.8,519,072.9,042.0,F
2024-11-16 02:41:37,003.1,004.4,518,072.9,041.9,F
2024-11-16 02:42:38,003.5,005.9,518,073.0,041.9,F
2024-11-16 02:43:38,002.8,004.7,519,073.0,042.0,F
2024-11-16 02:44:38,003.2,005.3,526,073.3,041.9,F
2024-11-16 02:45:38,002.9,004.8,526,073.1,041.8,F
2024-11-16 02:46:38,003.3,005.3,526,073.2,041.9,F
2024-11-16 02:47:38,003.1,005.4,526,073.4,041.6,F
2024-11-16 02:48:38,003.0,005.0,503,073.0,041.4,F
2024-11-16 02:49:38,003.0,004.1,485,072.8,041.4,F
2024-11-16 02:50:38,002.7,004.7,476,072.8,041.4,F
2024-11-16 02:51:38,003.2,005.1,471,072.6,041.5,F
2024-11-16 02:52:38,003.2,004.5,463,072.7,041.5,F
2024-11-16 02:53:38,002.9,004.5,460,072.4,041.5,F
2024-11-16 02:54:38,003.2,005.3,453,072.3,041.6,F
2024-11-16 02:55:38,002.5,004.1,447,072.3,041.5,F
2024-11-16 02:56:38,002.9,004.8,444,072.0,041.7,F
2024-11-16 02:57:38,002.9,004.8,447,072.0,041.9,F
2024-11-16 02:58:38,002.7,004.6,456,072.2,041.9,F
2024-11-16 02:59:38,003.2,005.3,464,072.1,041.9,F
2024-11-16 03:00:38,003.0,005.1,473,072.1,042.0,F
2024-11-16 03:01:38,002.9,004.9,474,072.2,042.0,F
2024-11-16 03:02:38,003.0,004.9,478,072.3,042.0,F
2024-11-16 03:03:38,002.8,004.9,492,072.5,042.1,F
2024-11-16 03:04:38,003.5,005.3,495,072.4,042.0,F
2024-11-16 03:05:38,003.5,005.6,504,072.4,042.2,F
2024-11-16 03:06:38,003.6,005.9,508,072.7,042.1,F
2024-11-16 03:07:38,003.0,004.8,508,072.6,042.0,F
2024-11-16 03:08:38,003.2,006.0,511,072.6,042.1,F
2024-11-16 03:09:38,003.4,006.1,515,072.9,042.0,F
2024-11-16 03:10:38,003.7,005.4,518,072.7,042.0,F
2024-11-16 03:11:38,002.8,003.7,525,072.8,042.0,F
2024-11-16 03:12:38,002.7,004.6,524,072.8,042.0,F
2024-11-16 03:13:38,003.0,004.8,526,072.9,042.0,F
2024-11-16 03:14:38,003.1,005.1,526,073.1,041.9,F
2024-11-16 03:15:38,003.1,005.1,531,073.0,041.9,F
2024-11-16 03:16:38,002.9,004.8,532,073.1,041.9,F
2024-11-16 03:17:38,003.5,005.8,533,073.3,041.8,F
2024-11-16 03:18:38,002.7,004.8,519,073.0,041.6,F
2024-11-16 03:19:38,003.1,004.9,495,072.9,041.5,F
2024-11-16 03:20:38,002.6,004.2,484,072.9,041.5,F
2024-11-16 03:21:38,002.8,004.7,479,072.6,041.6,F
2024-11-16 03:22:38,002.9,004.7,473,072.4,041.7,F
2024-11-16 03:23:38,002.7,004.4,466,072.2,041.7,F
2024-11-16 03:24:38,003.3,005.4,458,072.1,041.9,F
2024-11-16 03:25:38,002.8,004.4,455,072.2,041.8,F
2024-11-16 03:26:38,002.8,004.6,449,071.9,041.9,F
2024-11-16 03:27:38,002.7,004.3,446,071.8,042.1,F
2024-11-16 03:28:38,003.2,005.0,455,072.1,042.1,F
2024-11-16 03:29:38,003.5,006.2,466,071.9,042.2,F
2024-11-16 03:30:38,003.7,005.9,470,072.0,042.2,F
2024-11-16 03:31:38,002.9,004.9,475,072.0,042.2,F
2024-11-16 03:32:38,003.6,006.1,480,072.1,042.3,F
2024-11-16 03:33:38,003.1,005.1,489,072.2,042.2,F
2024-11-16 03:34:38,003.1,004.3,496,072.2,042.3,F
2024-11-16 03:35:38,004.0,006.7,505,072.3,042.4,F
2024-11-16 03:36:38,003.5,005.6,511,072.5,042.3,F
2024-11-16 03:37:38,003.5,006.2,516,072.4,042.3,F
2024-11-16 03:38:38,003.2,005.2,519,072.5,042.4,F
2024-11-16 03:39:38,002.7,003.6,526,072.7,042.4,F
2024-11-16 03:40:38,002.7,004.5,530,072.6,042.3,F
2024-11-16 03:41:38,003.0,004.8,530,072.6,042.3,F
2024-11-16 03:42:38,003.1,005.3,530,072.7,042.3,F
2024-11-16 03:43:38,003.3,005.3,533,072.8,042.4,F
2024-11-16 03:44:38,003.5,005.7,540,073.0,042.2,F
2024-11-16 03:45:38,002.7,004.4,533,072.8,042.2,F
2024-11-16 03:46:38,003.4,005.2,510,072.7,042.1,F
2024-11-16 03:47:38,002.8,004.5,490,072.7,042.0,F
2024-11-16 03:48:38,002.7,004.4,481,072.6,042.1,F
2024-11-16 03:49:38,002.5,004.1,477,072.2,042.2,F
2024-11-16 03:50:38,003.2,004.4,472,072.3,042.1,F
2024-11-16 03:51:38,003.0,005.0,465,072.0,042.1,F
2024-11-16 03:52:38,003.1,005.3,458,071.9,042.2,F
2024-11-16 03:53:38,003.4,005.4,453,071.8,042.2,F
2024-11-16 03:54:38,003.4,005.6,448,071.7,042.4,F
2024-11-16 03:55:38,003.7,005.8,446,071.7,042.4,F
2024-11-16 03:56:38,003.3,004.7,441,071.3,042.5,F
2024-11-16 03:57:39,003.4,005.5,438,071.2,042.8,F
2024-11-16 03:58:39,002.7,004.8,444,071.4,042.8,F
2024-11-16 03:59:39,003.2,005.2,453,071.4,042.8,F
2024-11-16 04:00:39,002.8,004.6,459,071.4,042.7,F
2024-11-16 04:01:39,003.2,005.6,463,071.5,042.8,F
2024-11-16 04:02:39,003.0,005.1,467,071.6,042.9,F
2024-11-16 04:03:39,003.2,005.1,476,071.8,042.8,F
2024-11-16 04:04:39,002.7,003.9,486,071.7,042.8,F
2024-11-16 04:05:39,003.2,005.3,489,071.8,042.9,F
2024-11-16 04:06:39,003.5,005.8,494,072.1,042.9,F
2024-11-16 04:07:39,003.2,005.4,501,071.9,042.8,F
2024-11-16 04:08:39,002.9,005.0,506,072.0,042.9,F
2024-11-16 04:09:39,002.9,005.0,513,072.3,042.8,F
2024-11-16 04:10:39,003.3,006.1,517,072.2,042.8,F
2024-11-16 04:11:39,003.4,005.3,519,072.2,042.8,F
2024-11-16 04:12:39,003.0,004.9,525,072.3,042.8,F
2024-11-16 04:13:39,003.0,005.2,530,072.4,042.8,F
2024-11-16 04:14:39,003.0,005.1,528,072.6,042.6,F
2024-11-16 04:15:39,003.0,005.2,525,072.5,042.6,F
2024-11-16 04:16:39,003.3,005.6,508,072.4,042.5,F
2024-11-16 04:17:39,003.1,005.0,488,072.5,042.2,F
2024-11-16 04:18:39,003.0,004.8,481,072.1,042.3,F
2024-11-16 04:19:39,003.0,005.1,477,072.0,042.4,F
2024-11-16 04:20:39,003.0,005.0,474,072.0,042.4,F
2024-11-16 04:21:39,003.7,006.1,465,071.7,042.4,F
2024-11-16 04:22:39,003.5,005.7,459,071.6,042.5,F
2024-11-16 04:23:39,003.3,005.4,457,071.4,042.6,F
2024-11-16 04:24:39,003.5,005.1,453,071.3,042.8,F
2024-11-16 04:25:39,003.4,005.1,449,071.3,042.7,F
2024-11-16 04:26:39,003.1,004.9,447,071.0,042.9,F
2024-11-16 04:27:39,003.2,005.0,442,070.9,043.0,F
2024-11-16 04:28:39,002.7,004.6,442,071.0,043.1,F
2024-11-16 04:29:39,002.9,004.6,451,071.0,043.1,F
2024-11-16 04:30:39,003.5,006.0,457,071.1,043.1,F
2024-11-16 04:31:39,003.4,005.3,466,071.1,043.2,F
2024-11-16 04:32:39,002.7,004.7,472,071.2,043.3,F
2024-11-16 04:33:39,003.2,005.5,472,071.3,043.2,F
2024-11-16 04:34:39,003.0,005.0,480,071.3,043.2,F
2024-11-16 04:35:39,003.0,005.1,488,071.5,043.3,F
2024-11-16 04:36:39,002.7,004.1,499,071.7,043.2,F
2024-11-16 04:37:39,002.8,004.5,505,071.6,043.2,F
2024-11-16 04:38:39,003.2,005.0,510,071.7,043.3,F
2024-11-16 04:39:39,003.4,005.8,517,071.9,043.2,F
2024-11-16 04:40:39,002.9,004.8,520,071.9,043.2,F
2024-11-16 04:41:39,002.8,004.5,525,071.9,043.1,F
2024-11-16 04:42:39,002.7,004.3,531,072.0,043.1,F
2024-11-16 04:43:39,003.2,005.3,530,072.1,043.1,F
2024-11-16 04:44:39,003.1,005.6,532,072.3,043.0,F
2024-11-16 04:45:39,003.3,005.2,537,072.2,042.9,F
2024-11-16 04:46:39,002.9,004.3,541,072.3,043.0,F
2024-11-16 04:47:39,002.3,003.2,540,072.5,042.8,F
2024-11-16 04:48:39,002.9,004.7,519,072.2,042.6,F
2024-11-16 04:49:39,003.2,005.0,498,072.2,042.6,F
2024-11-16 04:50:39,002.8,003.8,489,072.2,042.5,F
2024-11-16 04:51:39,002.6,004.1,484,071.9,042.6,F
2024-11-16 04:52:39,002.7,004.4,479,071.7,042.6,F
2024-11-16 04:53:39,002.7,004.4,472,071.6,042.6,F
2024-11-16 04:54:39,003.9,006.5,465,071.4,042.7,F
2024-11-16 04:55:39,003.2,005.3,462,071.4,042.7,F
2024-11-16 04:56:39,003.3,005.4,458,071.1,042.8,F
2024-11-16 04:57:40,004.0,006.5,451,071.1,043.0,F
2024-11-16 04:58:40,003.2,005.2,453,071.2,043.0,F
2024-11-16 04:59:40,003.2,004.8,456,071.1,043.1,F
2024-11-16 05:00:40,003.3,005.6,467,071.1,043.1,F
2024-11-16 05:01:40,002.6,004.1,474,071.2,043.1,F
2024-11-16 05:02:40,003.0,005.0,480,071.3,043.3,F
2024-11-16 05:03:40,002.8,004.4,488,071.5,043.2,F
2024-11-16 05:04:40,003.2,005.1,497,071.4,043.2,F
2024-11-16 05:05:40,003.1,005.2,499,071.5,043.3,F
2024-11-16 05:06:40,003.4,005.5,503,071.8,043.1,F
2024-11-16 05:07:40,002.9,004.5,507,071.6,043.1,F
2024-11-16 05:08:40,003.3,005.2,513,071.7,043.1,F
2024-11-16 05:09:41,002.7,004.3,518,071.8,043.1,F
2024-11-16 05:10:41,003.0,005.0,522,071.9,043.2,F
2024-11-16 05:11:41,002.8,004.4,523,072.1,043.0,F
2024-11-16 05:12:41,003.1,004.8,532,072.1,043.0,F
2024-11-16 05:13:41,002.7,004.2,538,072.1,043.0,F
2024-11-16 05:14:41,003.0,004.6,540,072.4,042.9,F
2024-11-16 05:15:41,002.8,004.4,543,072.3,042.8,F
2024-11-16 05:16:41,002.9,004.6,541,072.3,042.8,F
2024-11-16 05:17:41,003.3,005.2,541,072.4,042.7,F
2024-11-16 05:18:41,003.1,004.9,532,072.3,042.6,F
2024-11-16 05:19:41,003.4,005.7,506,072.3,042.3,F
2024-11-16 05:20:41,002.7,004.6,494,072.2,042.4,F
2024-11-16 05:21:41,003.1,004.8,488,071.9,042.4,F
2024-11-16 05:22:41,003.6,005.9,483,071.9,042.4,F
2024-11-16 05:23:41,003.3,005.4,477,071.6,042.4,F
2024-11-16 05:24:41,003.3,005.5,468,071.5,042.6,F
2024-11-16 05:25:41,003.3,005.7,464,071.5,042.5,F
2024-11-16 05:26:41,003.0,004.5,458,071.2,042.6,F
2024-11-16 05:27:41,003.3,004.8,453,071.1,042.7,F
2024-11-16 05:28:41,003.3,005.4,450,070.9,042.8,F
2024-11-16 05:29:41,003.4,005.2,456,071.0,043.1,F
2024-11-16 05:30:41,003.4,005.6,468,071.2,043.0,F
2024-11-16 05:31:41,003.1,005.1,477,071.1,043.1,F
2024-11-16 05:32:41,004.0,006.7,485,071.2,043.2,F
2024-11-16 05:33:41,003.7,006.7,489,071.5,043.1,F
2024-11-16 05:34:41,003.4,005.2,491,071.3,043.1,F
2024-11-16 05:35:41,004.4,007.7,506,071.4,043.3,F
2024-11-16 05:36:41,003.8,005.9,512,071.7,043.2,F
2024-11-16 05:37:41,003.6,005.4,520,071.6,043.2,F
2024-11-16 05:38:41,003.2,005.0,524,071.7,043.2,F
2024-11-16 05:39:41,003.4,005.3,526,071.7,043.1,F
2024-11-16 05:40:41,002.9,005.0,531,071.8,043.3,F
2024-11-16 05:41:41,003.4,005.3,536,072.1,043.1,F
2024-11-16 05:42:41,003.4,005.6,538,071.9,043.1,F
2024-11-16 05:43:41,002.4,003.9,540,072.0,043.1,F
2024-11-16 05:44:41,003.6,005.5,542,072.3,043.0,F
2024-11-16 05:45:41,003.2,005.4,550,072.2,043.0,F
2024-11-16 05:46:41,003.2,005.4,549,072.2,043.0,F
2024-11-16 05:47:41,003.4,005.7,550,072.5,042.8,F
2024-11-16 05:48:41,002.9,004.7,551,072.3,042.7,F
2024-11-16 05:49:41,002.9,004.7,546,072.4,042.8,F
2024-11-16 05:50:41,003.2,005.2,522,072.2,042.4,F
2024-11-16 05:51:41,003.3,005.4,503,072.1,042.4,F
2024-11-16 05:52:41,003.1,004.6,495,072.1,042.4,F
2024-11-16 05:53:41,003.4,005.7,489,071.8,042.5,F
2024-11-16 05:54:41,003.1,005.0,481,071.7,042.5,F
2024-11-16 05:55:41,003.7,006.7,473,071.7,042.4,F
2024-11-16 05:56:41,003.1,005.3,468,071.4,042.4,F
2024-11-16 05:57:41,003.3,005.2,463,071.2,042.5,F
2024-11-16 05:58:41,002.9,004.9,458,071.1,042.6,F
2024-11-16 05:59:41,003.1,005.2,462,071.0,042.9,F
2024-11-16 06:00:41,003.7,006.1,473,071.3,042.9,F
2024-11-16 06:01:41,003.0,004.6,482,071.2,043.0,F
2024-11-16 06:02:41,003.6,006.2,488,071.2,043.1,F
2024-11-16 06:03:41,003.3,005.6,491,071.5,042.9,F
2024-11-16 06:04:42,003.5,005.9,503,071.4,043.0,F
2024-11-16 06:05:42,002.9,004.6,515,071.5,043.1,F
2024-11-16 06:06:42,002.9,004.3,519,071.6,043.0,F
2024-11-16 06:07:42,002.5,004.2,521,071.6,043.1,F
2024-11-16 06:08:42,002.9,004.1,523,071.9,043.0,F
2024-11-16 06:09:42,002.9,004.5,529,071.8,043.0,F
2024-11-16 06:10:42,002.8,005.5,533,071.9,043.1,F
2024-11-16 06:11:42,002.4,004.0,539,072.1,043.0,F
2024-11-16 06:12:42,003.3,005.3,540,072.0,042.9,F
2024-11-16 06:13:42,002.5,004.1,543,072.1,042.9,F
2024-11-16 06:14:42,002.6,004.0,546,072.1,042.9,F
2024-11-16 06:15:42,002.9,004.7,546,072.2,042.9,F
2024-11-16 06:16:42,003.1,005.3,548,072.3,042.8,F
2024-11-16 06:17:42,002.6,004.4,546,072.3,042.6,F
2024-11-16 06:18:42,003.0,004.9,548,072.4,042.7,F
2024-11-16 06:19:42,003.0,005.0,547,072.6,042.5,F
2024-11-16 06:20:42,003.0,004.6,532,072.3,042.3,F
2024-11-16 06:21:42,002.9,004.7,510,072.1,042.3,F
2024-11-16 06:22:42,003.3,005.0,502,072.1,042.2,F
2024-11-16 06:23:42,003.3,005.1,499,071.8,042.3,F
2024-11-16 06:24:42,003.9,006.6,492,071.7,042.3,F
2024-11-16 06:25:42,003.4,006.1,487,071.5,042.3,F
2024-11-16 06:26:42,003.2,005.3,480,071.4,042.4,F
2024-11-16 06:27:42,004.0,006.8,472,071.4,042.3,F
2024-11-16 06:28:42,003.4,005.6,470,071.1,042.4,F
2024-11-16 06:29:42,003.5,005.7,468,071.0,042.7,F
2024-11-16 06:30:42,003.2,004.6,472,071.3,042.7,F
2024-11-16 06:31:42,003.6,006.0,479,071.2,042.7,F
2024-11-16 06:32:42,003.2,005.9,487,071.2,042.9,F
2024-11-16 06:33:42,003.5,005.9,490,071.5,042.8,F
2024-11-16 06:34:42,003.7,006.2,491,071.4,042.8,F
2024-11-16 06:35:42,003.1,004.9,504,071.4,042.9,F
2024-11-16 06:36:42,003.1,005.1,513,071.5,042.9,F
2024-11-16 06:37:42,003.9,005.9,519,071.6,043.0,F
2024-11-16 06:38:42,003.2,005.4,522,071.8,042.9,F
2024-11-16 06:39:42,003.1,004.8,530,071.7,042.9,F
2024-11-16 06:40:42,003.0,005.1,533,071.8,043.0,F
2024-11-16 06:41:42,003.5,005.0,540,072.1,042.9,F
2024-11-16 06:42:42,002.6,004.0,543,071.9,042.8,F
2024-11-16 06:43:42,002.7,004.7,543,072.0,042.9,F
2024-11-16 06:44:42,002.7,004.4,544,072.2,042.8,F
2024-11-16 06:45:42,003.3,005.6,542,072.1,042.7,F
2024-11-16 06:46:42,002.8,004.8,543,072.2,042.6,F
2024-11-16 06:47:42,002.7,004.4,545,072.3,042.6,F
2024-11-16 06:48:42,003.6,006.1,549,072.3,042.6,F
2024-11-16 06:49:42,003.5,005.8,556,072.6,042.5,F
2024-11-16 06:50:42,003.5,006.0,554,072.3,042.4,F
2024-11-16 06:51:42,003.2,005.4,529,072.2,042.2,F
2024-11-16 06:52:42,003.1,004.7,512,072.2,042.1,F
2024-11-16 06:53:42,003.4,005.7,503,071.9,042.2,F
2024-11-16 06:54:42,003.6,005.5,497,071.8,042.3,F
2024-11-16 06:55:42,003.0,004.9,489,071.8,042.2,F
2024-11-16 06:56:42,003.6,006.0,480,071.5,042.2,F
2024-11-16 06:57:42,003.8,005.7,474,071.4,042.3,F
2024-11-16 06:58:42,003.5,006.0,468,071.4,042.4,F
2024-11-16 06:59:42,003.9,006.3,463,071.1,042.6,F
2024-11-16 07:00:42,003.4,005.1,470,071.3,042.6,F
2024-11-16 07:01:42,003.1,004.8,481,071.2,042.7,F
2024-11-16 07:02:42,003.1,004.6,486,071.3,042.8,F
2024-11-16 07:03:42,003.2,005.3,490,071.5,042.7,F
2024-11-16 07:04:42,003.6,005.4,492,071.4,042.7,F
2024-11-16 07:05:42,003.2,005.3,506,071.5,042.8,F
2024-11-16 07:06:42,003.7,005.3,517,071.6,042.8,F
2024-11-16 07:07:42,002.9,004.8,528,071.6,042.8,F
2024-11-16 07:08:42,003.5,005.9,533,071.7,042.8,F
2024-11-16 07:09:42,002.8,004.7,543,071.9,042.8,F
2024-11-16 07:10:42,003.0,004.3,554,071.8,042.9,F
2024-11-16 07:11:42,003.4,005.5,562,072.1,042.8,F
2024-11-16 07:12:42,003.5,005.6,564,071.9,042.8,F
2024-11-16 07:13:42,002.4,004.5,566,072.0,042.8,F
2024-11-16 07:14:42,003.6,006.1,559,072.2,042.6,F
2024-11-16 07:15:42,003.1,005.2,556,072.1,042.6,F
2024-11-16 07:16:42,003.2,005.3,564,072.2,042.6,F
2024-11-16 07:17:42,003.3,005.7,562,072.2,042.5,F
2024-11-16 07:18:42,003.1,005.0,562,072.3,042.6,F
2024-11-16 07:19:42,003.9,006.4,566,072.5,042.4,F
2024-11-16 07:20:42,003.7,006.2,558,072.4,042.4,F
2024-11-16 07:21:42,003.3,005.5,538,072.3,042.3,F
2024-11-16 07:22:42,003.8,006.4,512,072.3,042.1,F
2024-11-16 07:23:42,003.6,005.5,503,072.0,042.1,F
2024-11-16 07:24:42,003.8,006.5,498,071.8,042.3,F
2024-11-16 07:25:42,003.8,006.1,490,071.8,042.2,F
2024-11-16 07:26:42,003.7,006.0,482,071.5,042.3,F
2024-11-16 07:27:42,003.6,005.5,475,071.3,042.3,F
2024-11-16 07:28:42,003.8,006.1,471,071.2,042.4,F
2024-11-16 07:29:42,004.2,006.8,466,071.0,042.6,F
2024-11-16 07:30:42,003.5,006.2,468,071.2,042.7,F
2024-11-16 07:31:42,003.6,006.1,478,071.1,042.8,F
2024-11-16 07:32:42,003.0,005.0,490,071.2,043.0,F
2024-11-16 07:33:42,003.8,005.9,495,071.4,042.8,F
2024-11-16 07:34:42,003.6,005.8,504,071.2,043.0,F
2024-11-16 07:35:42,003.6,005.6,510,071.3,043.0,F
2024-11-16 07:36:42,003.7,006.3,512,071.4,042.9,F
2024-11-16 07:37:42,002.7,004.1,524,071.4,043.1,F
2024-11-16 07:38:42,003.0,004.0,529,071.7,042.9,F
2024-11-16 07:39:42,003.2,004.6,529,071.5,043.0,F
2024-11-16 07:40:42,003.3,005.2,548,071.6,043.2,F
2024-11-16 07:41:42,002.7,003.7,567,071.9,043.1,F
2024-11-16 07:42:42,003.0,004.8,567,071.8,043.0,F
2024-11-16 07:43:42,003.8,006.4,564,071.9,043.1,F
2024-11-16 07:44:42,003.3,005.6,566,072.1,042.9,F
2024-11-16 07:45:42,004.0,006.5,571,072.0,042.8,F
2024-11-16 07:46:42,003.3,005.2,578,072.1,043.0,F
2024-11-16 07:47:42,003.7,006.3,588,072.2,042.8,F
2024-11-16 07:48:42,003.7,005.8,578,072.3,042.8,F
2024-11-16 07:49:42,003.5,005.7,567,072.5,042.6,F
2024-11-16 07:50:42,003.9,006.8,542,072.1,042.5,F
2024-11-16 07:51:42,004.5,007.2,520,072.0,042.5,F
2024-11-16 07:52:42,004.6,007.3,507,072.1,042.5,F
2024-11-16 07:53:42,004.8,008.3,500,071.8,042.5,F
2024-11-16 07:54:42,004.1,006.0,490,071.6,042.5,F
2024-11-16 07:55:42,003.8,006.0,481,071.7,042.5,F
2024-11-16 07:56:42,004.9,007.0,473,071.3,042.6,F
2024-11-16 07:57:42,004.7,008.0,464,071.2,042.7,F
2024-11-16 07:58:42,005.1,008.3,463,071.2,042.7,F
2024-11-16 07:59:42,005.2,008.2,462,071.1,042.9,F
2024-11-16 08:00:42,005.3,008.2,461,071.2,042.9,F
2024-11-16 08:01:42,004.1,007.1,466,071.1,042.9,F
2024-11-16 08:02:42,004.5,008.0,477,071.1,043.1,F
2024-11-16 08:03:42,004.3,007.2,482,071.4,043.0,F
2024-11-16 08:04:42,004.5,007.3,482,071.3,042.9,F
2024-11-16 08:05:42,004.4,007.1,487,071.3,043.0,F
2024-11-16 08:06:42,004.7,007.9,502,071.4,043.1,F
2024-11-16 08:07:42,003.9,006.3,509,071.5,043.1,F
2024-11-16 08:08:43,004.5,007.4,510,071.7,042.9,F
2024-11-16 08:09:43,003.9,006.8,516,071.6,043.0,F
2024-11-16 08:10:43,004.1,006.2,520,071.7,043.1,F
2024-11-16 08:11:43,004.2,006.8,529,071.9,043.0,F
2024-11-16 08:12:43,004.3,006.9,529,071.9,042.9,F
2024-11-16 08:13:43,004.0,006.2,536,071.9,042.9,F
2024-11-16 08:14:43,003.9,006.2,536,072.0,042.9,F
2024-11-16 08:15:43,003.8,006.5,534,072.1,042.9,F
2024-11-16 08:16:43,004.2,006.7,540,072.3,042.8,F
2024-11-16 08:17:43,003.9,006.8,541,072.2,042.7,F
2024-11-16 08:18:43,004.2,006.6,541,072.3,042.7,F
2024-11-16 08:19:43,004.5,007.5,542,072.5,042.6,F
2024-11-16 08:20:43,005.4,009.2,535,072.3,042.7,F
2024-11-16 08:21:43,005.2,007.8,508,072.2,042.6,F
2024-11-16 08:22:43,005.4,009.0,494,072.2,042.6,F
2024-11-16 08:23:43,004.5,007.0,488,071.9,042.7,F
2024-11-16 08:24:43,005.1,007.7,482,071.8,042.7,F
2024-11-16 08:25:43,004.7,007.6,472,071.7,042.7,F
2024-11-16 08:26:43,005.1,008.4,463,071.6,042.8,F
2024-11-16 08:27:43,005.6,008.9,458,071.7,042.9,F
2024-11-16 08:28:43,005.7,009.2,455,071.3,043.0,F
2024-11-16 08:29:43,005.4,008.1,452,071.2,043.2,F
2024-11-16 08:30:43,004.8,007.7,451,071.3,043.2,F
2024-11-16 08:31:43,005.0,007.7,460,071.2,043.3,F
2024-11-16 08:32:43,005.0,008.4,467,071.2,043.2,F
2024-11-16 08:33:43,004.5,007.3,479,071.2,043.5,F
2024-11-16 08:34:43,005.3,008.0,488,071.2,043.5,F
2024-11-16 08:35:43,004.4,007.0,494,071.3,043.4,F
2024-11-16 08:36:43,005.0,008.7,503,071.4,043.4,F
2024-11-16 08:37:43,005.1,008.6,510,071.5,043.5,F
2024-11-16 08:38:43,004.0,006.5,519,071.8,043.3,F
2024-11-16 08:39:43,004.1,006.2,524,071.7,043.4,F
2024-11-16 08:40:43,004.6,007.2,524,071.7,043.3,F
2024-11-16 08:41:43,004.7,007.6,529,072.0,043.2,F
2024-11-16 08:42:43,004.1,006.9,530,071.9,043.1,F
2024-11-16 08:43:43,003.9,006.5,532,072.0,043.1,F
2024-11-16 08:44:43,004.6,007.3,531,072.1,043.0,F
2024-11-16 08:45:43,003.9,006.5,536,072.2,043.1,F
2024-11-16 08:46:43,004.4,006.9,548,072.2,043.0,F
2024-11-16 08:47:43,004.1,006.6,559,072.3,043.0,F
2024-11-16 08:48:43,004.6,007.5,566,072.4,043.1,F
2024-11-16 08:49:43,004.8,007.6,572,072.6,043.0,F
2024-11-16 08:50:43,004.2,006.8,574,072.5,043.1,F
2024-11-16 08:51:43,005.0,008.0,544,072.4,043.2,F
2024-11-16 08:52:43,004.9,008.2,510,072.6,042.9,F
2024-11-16 08:53:43,005.2,007.5,490,072.2,042.9,F
2024-11-16 08:54:43,005.0,008.1,481,072.1,042.9,F
2024-11-16 08:55:43,004.5,007.7,475,072.0,042.9,F
2024-11-16 08:56:43,004.2,006.7,467,071.9,042.9,F
2024-11-16 08:57:44,005.2,007.9,463,072.0,042.9,F
2024-11-16 08:58:44,004.5,007.2,457,071.7,043.0,F
2024-11-16 08:59:44,005.0,007.8,451,071.6,043.1,F
2024-11-16 09:00:44,005.6,009.4,447,071.7,043.2,F
2024-11-16 09:01:44,005.8,009.7,450,071.5,043.2,F
2024-11-16 09:02:44,004.7,008.1,460,071.6,043.1,F
2024-11-16 09:03:44,004.4,007.5,472,071.7,043.1,F
2024-11-16 09:04:44,004.5,006.8,477,071.7,043.1,F
2024-11-16 09:05:44,004.2,007.5,483,072.0,043.1,F
2024-11-16 09:06:44,004.4,007.6,485,071.9,043.0,F
2024-11-16 09:07:44,004.5,007.6,502,071.9,043.3,F
2024-11-16 09:08:44,003.7,004.9,518,072.2,043.3,F
2024-11-16 09:09:44,004.3,006.9,527,072.1,043.3,F
2024-11-16 09:10:44,004.2,006.8,530,072.1,043.3,F
2024-11-16 09:11:44,004.2,007.3,540,072.4,043.3,F
2024-11-16 09:12:44,003.9,006.6,548,072.2,043.3,F
2024-11-16 09:13:44,004.3,006.9,553,072.3,043.2,F
2024-11-16 09:14:44,004.2,006.5,556,072.4,043.2,F
2024-11-16 09:15:44,004.0,006.3,561,072.4,043.3,F
2024-11-16 09:16:44,003.7,005.9,570,072.7,043.2,F
2024-11-16 09:17:44,004.2,006.8,564,072.5,043.1,F
2024-11-16 09:18:44,004.2,007.1,571,072.6,043.2,F
2024-11-16 09:19:44,003.8,006.4,569,072.8,043.0,F
2024-11-16 09:20:45,003.9,006.0,561,072.7,042.9,F
2024-11-16 09:21:45,005.1,008.3,546,072.7,043.0,F
2024-11-16 09:22:45,004.4,006.6,531,072.7,042.6,F
2024-11-16 09:23:45,004.2,007.3,514,072.5,042.5,F
2024-11-16 09:24:45,004.5,007.5,496,072.6,042.3,F
2024-11-16 09:25:45,003.6,006.2,485,072.3,042.2,F
2024-11-16 09:26:45,004.6,007.5,474,072.2,042.3,F
2024-11-16 09:27:45,004.3,006.4,466,072.3,042.2,F
2024-11-16 09:28:45,004.4,006.4,460,072.0,042.0,F
2024-11-16 09:29:45,004.9,008.6,458,071.9,042.0,F
2024-11-16 09:30:45,005.6,008.9,456,071.9,042.1,F
2024-11-16 09:31:45,005.2,008.4,457,071.6,042.4,F
2024-11-16 09:32:45,004.0,007.0,470,071.7,042.7,F
2024-11-16 09:33:45,004.2,007.5,481,071.9,042.7,F
2024-11-16 09:34:45,003.9,005.6,493,071.8,042.9,F
2024-11-16 09:35:45,003.9,006.3,505,072.1,042.8,F
2024-11-16 09:36:45,004.9,007.8,511,072.0,042.8,F
2024-11-16 09:37:45,004.2,006.6,524,072.1,043.0,F
2024-11-16 09:38:45,004.0,006.4,530,072.3,042.8,F
2024-11-16 09:39:45,003.8,006.2,533,072.3,042.7,F
2024-11-16 09:40:45,003.5,005.9,543,072.3,042.8,F
2024-11-16 09:41:45,003.5,005.7,550,072.4,042.7,F
2024-11-16 09:42:45,003.4,005.3,553,072.5,042.8,F
2024-11-16 09:43:45,003.7,005.5,547,072.5,042.6,F
2024-11-16 09:44:45,004.1,006.6,551,072.6,042.6,F
2024-11-16 09:45:45,003.6,005.8,555,072.6,042.6,F
2024-11-16 09:46:45,003.9,006.4,564,072.9,042.6,F
2024-11-16 09:47:45,003.1,005.1,563,072.8,042.5,F
2024-11-16 09:48:45,003.3,004.5,565,072.8,042.5,F
2024-11-16 09:49:45,003.6,005.7,578,073.1,042.5,F
2024-11-16 09:50:45,004.1,006.6,588,072.9,042.5,F
2024-11-16 09:51:45,004.0,006.0,589,073.0,042.4,F
2024-11-16 09:52:45,004.1,005.8,568,072.9,042.3,F
2024-11-16 09:53:45,004.1,007.2,529,072.9,042.0,F
2024-11-16 09:54:45,004.0,006.0,501,073.0,041.7,F
2024-11-16 09:55:45,003.7,005.4,487,072.7,041.6,F
2024-11-16 09:56:45,004.2,007.0,480,072.6,041.7,F
2024-11-16 09:57:45,003.4,005.9,472,072.7,041.5,F
2024-11-16 09:58:45,003.5,005.8,463,072.3,041.6,F
2024-11-16 09:59:45,003.4,005.5,458,072.2,041.5,F
2024-11-16 10:00:45,003.7,005.9,449,072.3,041.3,F
2024-11-16 10:01:45,003.5,005.7,444,072.0,041.3,F
2024-11-16 10:02:45,003.6,005.9,454,072.1,041.6,F
2024-11-16 10:03:45,004.2,006.5,470,072.1,041.8,F
2024-11-16 10:04:45,003.5,006.4,485,072.2,042.0,F
2024-11-16 10:05:45,003.4,005.3,506,072.4,042.0,F
2024-11-16 10:06:45,003.4,005.6,526,072.3,042.0,F
2024-11-16 10:07:45,003.0,004.7,548,072.4,042.2,F
2024-11-16 10:08:45,003.5,006.3,555,072.6,042.2,F
2024-11-16 10:09:45,003.2,005.0,569,072.5,042.3,F
2024-11-16 10:10:45,003.1,005.2,564,072.6,042.4,F
2024-11-16 10:11:45,004.1,007.3,560,072.8,042.3,F
2024-11-16 10:12:45,003.7,006.5,561,072.7,042.3,F
2024-11-16 10:13:45,003.8,006.0,562,072.7,042.3,F
2024-11-16 10:14:45,002.9,004.6,562,072.8,042.3,F
2024-11-16 10:15:45,003.3,005.6,567,072.9,042.5,F
2024-11-16 10:16:45,003.7,005.9,573,073.1,042.3,F
2024-11-16 10:17:45,003.3,005.7,572,073.0,042.4,F
2024-11-16 10:18:45,003.9,006.3,576,073.0,042.5,F
2024-11-16 10:19:45,002.9,004.7,577,073.1,042.4,F
2024-11-16 10:20:46,004.2,006.9,579,073.0,042.3,F
2024-11-16 10:21:46,003.5,006.0,582,073.1,042.2,F
2024-11-16 10:22:46,004.1,006.3,568,073.1,042.1,F
2024-11-16 10:23:46,003.6,006.0,532,073.1,041.5,F
2024-11-16 10:24:46,003.9,006.8,497,073.2,041.0,F
2024-11-16 10:25:46,003.2,005.4,481,072.9,040.7,F
2024-11-16 10:26:46,003.7,006.1,474,072.8,040.8,F
2024-11-16 10:27:46,003.6,006.1,468,072.9,040.6,F
2024-11-16 10:28:46,003.5,005.8,462,072.6,040.5,F
2024-11-16 10:29:46,003.5,005.8,458,072.5,040.4,F
2024-11-16 10:30:46,003.2,005.0,452,072.5,040.2,F
2024-11-16 10:31:46,003.8,006.5,447,072.4,040.2,F
2024-11-16 10:32:46,003.5,005.7,454,072.3,040.6,F
2024-11-16 10:33:46,003.5,006.0,473,072.6,040.9,F
2024-11-16 10:34:46,003.7,005.7,488,072.4,041.2,F
2024-11-16 10:35:46,003.3,005.5,511,072.7,041.3,F
2024-11-16 10:36:46,003.3,005.2,522,072.5,041.4,F
2024-11-16 10:37:46,002.9,004.8,541,072.5,041.7,F
2024-11-16 10:38:46,003.5,005.8,548,072.8,041.7,F
2024-11-16 10:39:46,004.0,006.1,547,072.7,041.6,F
2024-11-16 10:40:46,003.7,006.1,553,072.8,041.7,F
2024-11-16 10:41:46,003.6,006.4,566,072.8,041.8,F
2024-11-16 10:42:46,003.5,005.6,573,072.8,041.9,F
2024-11-16 10:43:46,003.4,005.1,580,072.9,041.9,F
2024-11-16 10:44:46,003.8,006.1,581,072.9,041.8,F
2024-11-16 10:45:46,003.4,005.4,580,072.9,041.9,F
2024-11-16 10:46:46,004.1,006.8,581,073.2,041.8,F
2024-11-16 10:47:46,003.9,005.9,581,073.0,041.7,F
2024-11-16 10:48:46,003.9,006.2,576,073.1,041.8,F
2024-11-16 10:49:46,004.0,005.9,578,073.4,041.6,F
2024-11-16 10:50:46,004.3,006.5,557,073.2,041.4,F
2024-11-16 10:51:46,003.5,005.8,521,073.1,040.9,F
2024-11-16 10:52:46,004.4,007.6,495,073.1,040.5,F
2024-11-16 10:53:46,003.7,005.7,483,073.1,040.4,F
2024-11-16 10:54:46,004.5,007.0,478,073.2,040.3,F
2024-11-16 10:55:46,004.9,008.2,473,072.9,040.1,F
2024-11-16 10:56:46,004.0,006.6,466,072.9,040.0,F
2024-11-16 10:57:46,004.1,006.6,458,072.9,039.9,F
2024-11-16 10:58:46,004.3,006.9,450,072.7,039.7,F
2024-11-16 10:59:46,003.9,006.7,446,072.6,039.7,F
2024-11-16 11:00:46,004.0,006.8,439,072.7,039.4,F
2024-11-16 11:01:46,003.7,006.6,438,072.4,039.3,F
2024-11-16 11:02:46,003.5,005.6,447,072.3,039.6,F
2024-11-16 11:03:46,003.4,005.7,468,072.3,040.1,F
2024-11-16 11:04:46,003.6,005.7,480,072.4,040.5,F
2024-11-16 11:05:46,003.9,006.7,486,072.6,040.5,F
2024-11-16 11:06:46,004.1,007.0,496,072.5,040.6,F
2024-11-16 11:07:46,003.1,005.3,503,072.5,040.8,F
2024-11-16 11:08:46,003.6,005.6,517,072.8,041.0,F
2024-11-16 11:09:46,003.7,005.7,530,072.6,041.1,F
2024-11-16 11:10:46,003.5,005.6,537,072.7,041.1,F
2024-11-16 11:11:46,003.4,005.6,537,072.9,041.2,F
2024-11-16 11:12:46,003.4,005.5,545,072.7,041.2,F
2024-11-16 11:13:46,004.2,007.5,548,072.8,041.2,F
2024-11-16 11:14:46,004.1,006.2,550,072.9,041.2,F
2024-11-16 11:15:46,004.4,007.3,563,072.9,041.4,F
2024-11-16 11:16:46,005.0,007.4,569,073.1,041.3,F
2024-11-16 11:17:46,004.5,007.6,585,073.0,041.5,F
2024-11-16 11:18:46,004.6,008.7,586,073.1,041.5,F
2024-11-16 11:19:46,005.5,008.7,584,073.3,041.5,F
2024-11-16 11:20:46,004.2,007.1,579,073.1,041.3,F
2024-11-16 11:21:46,004.7,007.5,540,073.1,040.7,F
2024-11-16 11:22:46,003.9,006.2,504,073.3,040.1,F
2024-11-16 11:23:46,003.9,006.7,481,073.1,039.8,F
2024-11-16 11:24:46,003.9,006.4,470,072.9,039.9,F
2024-11-16 11:25:46,004.2,006.9,477,072.9,040.2,F
2024-11-16 11:26:46,003.6,005.8,479,072.8,040.2,F
2024-11-16 11:27:46,004.1,007.0,467,072.9,039.9,F
2024-11-16 11:28:46,004.0,006.6,454,072.7,039.8,F
2024-11-16 11:29:46,003.7,006.4,447,072.6,039.9,F
2024-11-16 11:30:46,002.9,004.6,443,072.7,039.7,F
2024-11-16 11:31:46,004.2,006.0,440,072.4,039.6,F
2024-11-16 11:32:46,004.5,007.2,438,072.4,039.8,F
2024-11-16 11:33:46,003.8,006.6,463,072.5,040.2,F
2024-11-16 11:34:46,003.9,006.9,475,072.4,040.4,F
2024-11-16 11:35:46,003.9,006.4,491,072.5,040.7,F
2024-11-16 11:36:46,004.9,007.6,500,072.5,040.9,F
2024-11-16 11:37:46,004.0,006.7,499,072.5,040.9,F
2024-11-16 11:38:46,004.2,006.6,498,072.8,040.9,F
2024-11-16 11:39:46,003.9,006.2,502,072.6,041.0,F
2024-11-16 11:40:46,005.1,008.6,512,072.7,041.2,F
2024-11-16 11:41:46,004.3,007.5,514,072.9,041.2,F
2024-11-16 11:42:46,004.3,007.0,520,072.8,041.2,F
2024-11-16 11:43:46,004.7,008.2,521,072.9,041.3,F
2024-11-16 11:44:46,004.4,007.3,518,073.1,041.2,F
2024-11-16 11:45:46,004.3,006.7,519,073.0,041.2,F
2024-11-16 11:46:46,004.1,006.8,519,073.0,041.2,F
2024-11-16 11:47:46,004.5,006.8,518,073.1,041.1,F
2024-11-16 11:48:46,005.1,007.5,521,073.1,041.3,F
2024-11-16 11:49:46,003.8,006.8,523,073.4,041.3,F
2024-11-16 11:50:46,004.4,007.3,525,073.2,041.2,F
2024-11-16 11:51:46,004.2,007.4,516,073.2,040.9,F
2024-11-16 11:52:46,004.1,006.7,488,073.4,040.5,F
2024-11-16 11:53:46,004.7,007.6,470,073.1,040.4,F
2024-11-16 11:54:46,004.7,007.7,461,073.1,040.2,F
2024-11-16 11:55:46,004.3,006.6,458,073.1,040.1,F
2024-11-16 11:56:46,004.0,006.6,451,073.0,040.1,F
2024-11-16 11:57:46,004.2,007.1,448,072.9,039.8,F
2024-11-16 11:58:46,003.7,005.7,447,072.8,039.8,F
2024-11-16 11:59:46,004.4,007.2,441,072.8,039.8,F
2024-11-16 12:00:46,004.0,006.2,439,072.9,039.7,F
2024-11-16 12:01:46,003.8,005.9,439,072.7,039.7,F
2024-11-16 12:02:46,004.9,007.8,439,072.6,039.8,F
2024-11-16 12:03:46,004.5,007.8,443,072.8,039.9,F
2024-11-16 12:04:46,004.6,008.1,456,072.7,040.4,F
2024-11-16 12:05:46,004.5,007.0,461,072.7,040.5,F
2024-11-16 12:06:46,004.1,006.1,465,072.7,040.5,F
2024-11-16 12:07:46,004.7,007.7,467,072.8,040.7,F
2024-11-16 12:08:46,004.3,007.3,465,072.8,040.6,F
2024-11-16 12:09:46,004.8,008.4,466,072.9,040.7,F
2024-11-16 12:10:46,004.4,006.9,468,072.9,040.8,F
2024-11-16 12:11:46,004.0,006.5,469,073.1,040.8,F
2024-11-16 12:12:46,004.3,007.2,472,073.0,040.8,F
2024-11-16 12:13:46,004.4,006.8,476,073.0,041.0,F
2024-11-16 12:14:46,004.5,007.5,479,073.3,040.8,F
2024-11-16 12:15:46,004.5,007.6,480,073.1,040.7,F
2024-11-16 12:16:46,004.1,006.9,483,073.2,040.8,F
2024-11-16 12:17:46,005.1,008.3,483,073.2,040.7,F
2024-11-16 12:18:46,004.6,006.8,486,073.3,040.7,F
2024-11-16 12:19:46,003.7,005.8,487,073.3,040.7,F
2024-11-16 12:20:46,004.6,007.7,488,073.3,040.6,F
2024-11-16 12:21:46,003.9,006.9,490,073.4,040.2,F
2024-11-16 12:22:46,003.8,005.6,477,073.5,039.2,F
2024-11-16 12:23:46,003.6,006.2,467,073.3,038.2,F
2024-11-16 12:24:46,003.6,005.6,459,073.3,037.9,F
2024-11-16 12:25:46,003.8,006.0,457,073.4,037.5,F
2024-11-16 12:26:46,003.6,005.4,453,073.1,037.0,F
2024-11-16 12:27:46,002.9,004.4,445,073.1,036.6,F
2024-11-16 12:28:46,004.8,007.6,440,073.0,036.3,F
2024-11-16 12:29:46,004.5,007.4,435,072.9,036.4,F
2024-11-16 12:30:47,004.2,006.9,433,073.1,036.2,F
2024-11-16 12:31:47,004.2,006.6,431,072.8,036.0,F
2024-11-16 12:32:47,008.0,012.4,429,072.8,036.1,F
2024-11-16 12:33:47,008.5,013.7,429,072.8,036.4,F
2024-11-16 12:34:47,006.3,009.7,431,072.7,037.2,F
2024-11-16 12:35:47,006.0,009.3,436,072.7,037.7,F
2024-11-16 12:36:47,005.8,009.3,442,072.7,037.9,F
2024-11-16 12:37:47,006.3,011.1,444,072.8,038.2,F
2024-11-16 12:38:47,006.7,010.7,443,073.0,038.4,F
2024-11-16 12:39:47,006.6,010.7,446,072.9,038.4,F
2024-11-16 12:40:47,005.1,008.3,449,072.9,038.5,F
2024-11-16 12:41:47,005.1,008.2,450,073.2,038.4,F
2024-11-16 12:42:47,005.7,009.3,454,073.0,038.4,F
2024-11-16 12:43:47,005.6,009.2,456,073.1,038.7,F
2024-11-16 12:44:47,006.1,009.9,460,073.3,038.5,F
2024-11-16 12:45:47,005.7,008.7,464,073.2,038.5,F
2024-11-16 12:46:47,005.1,008.0,463,073.2,038.6,F
2024-11-16 12:47:47,007.0,011.5,463,073.2,038.7,F
2024-11-16 12:48:47,006.2,010.0,463,073.3,038.7,F
2024-11-16 12:49:47,006.9,010.6,465,073.5,038.7,F
2024-11-16 12:50:47,005.6,008.4,468,073.3,038.6,F
2024-11-16 12:51:47,005.3,008.4,479,073.3,038.8,F
2024-11-16 12:52:47,005.6,009.4,484,073.5,039.1,F
2024-11-16 12:53:47,006.9,011.3,485,073.3,039.0,F
2024-11-16 12:54:47,005.3,008.7,482,073.4,038.6,F
2024-11-16 12:55:47,004.8,007.9,468,073.5,038.0,F
2024-11-16 12:56:47,004.4,006.9,457,073.3,037.8,F
2024-11-16 12:57:47,003.4,005.6,452,073.3,037.7,F
2024-11-16 12:58:47,004.6,008.1,448,073.2,037.6,F
2024-11-16 12:59:47,004.7,007.2,443,073.2,037.5,F
2024-11-16 13:00:47,005.2,008.4,440,073.3,037.4,F
2024-11-16 13:01:47,005.5,007.9,439,073.1,037.3,F
2024-11-16 13:02:47,004.7,007.8,435,073.1,037.3,F
2024-11-16 13:03:47,004.6,007.4,430,073.2,037.3,F
2024-11-16 13:04:47,005.4,009.1,436,073.0,037.8,F
2024-11-16 13:05:47,006.4,010.6,439,073.0,038.0,F
2024-11-16 13:06:48,006.1,010.3,443,073.1,038.0,F
2024-11-16 13:07:48,005.4,008.5,446,073.1,038.3,F
2024-11-16 13:08:48,005.7,009.5,449,073.3,038.3,F
2024-11-16 13:09:48,005.6,008.3,452,073.1,038.2,F
2024-11-16 13:10:48,005.5,008.0,450,073.1,038.4,F
2024-11-16 13:11:48,006.0,009.4,449,073.4,038.3,F
2024-11-16 13:12:48,005.7,008.4,451,073.2,038.3,F
2024-11-16 13:13:48,005.2,008.0,455,073.3,038.5,F
2024-11-16 13:14:48,005.4,008.5,456,073.4,038.4,F
2024-11-16 13:15:48,005.7,008.8,459,073.4,038.6,F
2024-11-16 13:16:48,006.0,009.7,462,073.6,038.6,F
2024-11-16 13:17:48,006.1,009.2,465,073.4,038.6,F
2024-11-16 13:18:48,005.9,009.9,468,073.5,038.7,F
2024-11-16 13:19:48,005.8,010.5,469,073.7,038.7,F
2024-11-16 13:20:48,006.3,009.5,470,073.6,038.6,F
2024-11-16 13:21:48,005.7,009.5,469,073.5,038.9,F
2024-11-16 13:22:48,006.1,009.4,471,073.8,038.7,F
2024-11-16 13:23:48,006.6,010.5,473,073.6,038.6,F
2024-11-16 13:24:48,006.2,009.6,474,073.6,038.4,F
2024-11-16 13:25:48,005.6,008.7,470,073.5,038.2,F
2024-11-16 13:26:48,005.8,009.2,464,073.5,038.2,F
2024-11-16 13:27:48,005.9,009.3,450,073.7,038.0,F
2024-11-16 13:28:48,005.4,009.0,447,073.4,037.9,F
2024-11-16 13:29:48,004.9,007.6,441,073.3,038.1,F
2024-11-16 13:30:48,005.1,007.9,440,073.4,038.1,F
2024-11-16 13:31:48,004.4,007.1,437,073.2,038.0,F
2024-11-16 13:32:48,003.6,005.9,435,073.1,038.1,F
2024-11-16 13:33:48,004.6,007.7,431,073.2,038.0,F
2024-11-16 13:34:48,005.2,008.6,430,073.0,038.3,F
2024-11-16 13:35:48,005.3,008.5,436,073.0,038.4,F
2024-11-16 13:36:48,006.1,009.8,439,073.0,038.6,F
2024-11-16 13:37:48,005.7,009.1,441,073.1,038.8,F
2024-11-16 13:38:48,005.4,008.4,443,073.3,038.6,F
2024-11-16 13:39:48,005.1,008.6,445,073.1,038.6,F
2024-11-16 13:40:48,004.7,007.2,447,073.2,038.7,F
2024-11-16 13:41:48,006.2,009.2,450,073.4,038.7,F
2024-11-16 13:42:48,006.3,009.3,453,073.3,038.8,F
2024-11-16 13:43:48,004.9,007.7,454,073.3,038.9,F
2024-11-16 13:44:48,005.5,008.8,456,073.5,038.8,F
2024-11-16 13:45:48,005.6,008.4,461,073.4,038.9,F
2024-11-16 13:46:48,006.4,011.0,461,073.5,038.9,F
2024-11-16 13:47:48,006.4,010.1,465,073.5,039.0,F
2024-11-16 13:48:48,006.8,011.1,466,073.5,039.0,F
2024-11-16 13:49:48,006.4,010.5,467,073.7,038.9,F
2024-11-16 13:50:48,006.4,010.3,469,073.6,039.0,F
2024-11-16 13:51:48,006.3,010.4,474,073.6,039.0,F
2024-11-16 13:52:48,005.6,009.7,471,073.8,038.4,F
2024-11-16 13:53:48,005.0,008.4,458,073.5,038.1,F
2024-11-16 13:54:48,005.0,007.5,452,073.5,038.0,F
2024-11-16 13:55:48,004.7,008.4,447,073.4,037.9,F
2024-11-16 13:56:48,005.1,008.2,440,073.3,037.8,F
2024-11-16 13:57:48,005.3,007.7,437,073.3,037.9,F
2024-11-16 13:58:48,004.4,007.1,434,073.2,037.8,F
2024-11-16 13:59:48,003.6,006.0,429,073.1,038.0,F
2024-11-16 14:00:48,004.0,006.3,428,073.2,037.9,F
2024-11-16 14:01:48,004.4,007.3,423,073.0,038.0,F
2024-11-16 14:02:48,004.0,007.9,422,072.9,038.1,F
2024-11-16 14:03:48,003.7,006.2,420,073.0,038.0,F
2024-11-16 14:04:48,004.3,006.8,419,072.8,038.2,F
2024-11-16 14:05:48,004.5,007.7,423,072.8,038.5,F
2024-11-16 14:06:48,004.7,007.7,430,072.8,038.6,F
2024-11-16 14:07:48,004.9,007.6,431,072.8,038.8,F
2024-11-16 14:08:48,005.3,007.5,435,073.1,038.8,F
2024-11-16 14:09:48,004.1,006.1,436,072.9,038.8,F
2024-11-16 14:10:48,004.7,006.9,440,072.9,039.0,F
2024-11-16 14:11:48,004.9,007.6,441,073.1,039.0,F
2024-11-16 14:12:48,005.1,007.6,446,073.0,039.0,F
2024-11-16 14:13:48,004.7,007.2,447,073.1,039.1,F
2024-11-16 14:14:48,005.1,008.4,448,073.3,039.1,F
2024-11-16 14:15:48,004.9,008.5,454,073.1,039.2,F
2024-11-16 14:16:48,004.6,006.4,457,073.1,039.3,F
2024-11-16 14:17:48,004.5,007.5,458,073.2,039.3,F
2024-11-16 14:18:48,005.1,008.5,458,073.2,039.5,F
2024-11-16 14:19:48,005.0,007.7,462,073.5,039.3,F
2024-11-16 14:20:48,004.6,007.9,463,073.3,039.4,F
2024-11-16 14:21:48,005.1,007.9,466,073.4,039.3,F
2024-11-16 14:22:48,004.2,006.9,466,073.6,039.1,F
2024-11-16 14:23:48,004.5,007.3,455,073.4,039.0,F
2024-11-16 14:24:48,003.7,006.0,447,073.3,039.1,F
2024-11-16 14:25:48,004.6,007.5,440,073.4,039.1,F
2024-11-16 14:26:48,004.4,007.4,439,073.2,039.2,F
2024-11-16 14:27:48,004.4,006.7,434,073.1,039.2,F
2024-11-16 14:28:48,004.1,006.3,432,073.1,039.3,F
2024-11-16 14:29:48,004.1,006.9,430,073.0,039.4,F
2024-11-16 14:30:48,003.4,005.4,429,073.1,039.3,F
2024-11-16 14:31:48,003.5,005.7,427,072.9,039.2,F
2024-11-16 14:32:48,004.1,006.7,423,072.8,039.3,F
2024-11-16 14:33:48,003.5,005.8,423,072.9,039.2,F
2024-11-16 14:34:48,003.5,005.3,421,072.6,039.4,F
2024-11-16 14:35:48,003.5,005.4,422,072.7,039.6,F
2024-11-16 14:36:48,003.4,005.5,426,072.9,039.6,F
2024-11-16 14:37:48,004.0,005.9,430,072.8,039.6,F
2024-11-16 14:38:48,004.2,006.7,430,072.8,039.6,F
2024-11-16 14:39:48,003.8,006.4,431,072.8,039.7,F
2024-11-16 14:40:48,004.0,006.4,434,072.8,039.8,F
2024-11-16 14:41:48,004.1,005.9,437,073.0,039.8,F
2024-11-16 14:42:48,004.5,007.5,438,072.9,039.9,F
2024-11-16 14:43:48,004.0,006.2,439,072.9,040.0,F
2024-11-16 14:44:48,004.1,007.1,441,073.1,039.9,F
2024-11-16 14:45:48,003.5,006.1,444,073.0,039.9,F
2024-11-16 14:46:48,003.9,005.9,445,073.0,040.0,F
2024-11-16 14:47:48,003.8,006.6,448,073.1,040.1,F
2024-11-16 14:48:48,004.0,006.3,449,073.2,040.1,F
2024-11-16 14:49:48,003.6,005.9,450,073.4,040.0,F
2024-11-16 14:50:48,004.0,006.7,452,073.2,039.9,F
2024-11-16 14:51:48,004.0,006.0,453,073.3,040.0,F
2024-11-16 14:52:48,004.9,008.0,456,073.5,040.0,F
2024-11-16 14:53:48,004.7,007.2,462,073.3,039.9,F
2024-11-16 14:54:48,003.5,005.1,458,073.3,039.5,F
2024-11-16 14:55:48,003.0,004.7,449,073.4,039.0,F
2024-11-16 14:56:48,003.4,005.0,446,073.1,038.9,F
2024-11-16 14:57:48,003.5,005.5,446,073.0,039.0,F
2024-11-16 14:58:48,003.4,005.4,442,072.9,039.0,F
2024-11-16 14:59:48,003.5,004.9,439,072.8,038.9,F
2024-11-16 15:00:48,002.9,004.7,437,073.0,038.8,F
2024-11-16 15:01:48,002.9,004.4,433,072.7,038.7,F
2024-11-16 15:02:48,003.0,004.6,430,072.6,038.7,F
2024-11-16 15:03:48,003.5,006.0,427,072.8,038.6,F
2024-11-16 15:04:48,003.5,006.1,426,072.5,038.5,F
2024-11-16 15:05:48,003.5,006.1,433,072.5,038.9,F
2024-11-16 15:06:48,004.2,007.0,442,072.6,039.3,F
2024-11-16 15:07:48,003.4,005.8,444,072.4,039.4,F
2024-11-16 15:08:48,003.1,005.1,448,072.5,039.5,F
2024-11-16 15:09:48,004.6,007.4,452,072.5,039.5,F
2024-11-16 15:10:48,004.1,006.7,460,072.6,039.8,F
2024-11-16 15:11:48,004.0,006.7,463,072.8,039.6,F
2024-11-16 15:12:48,003.5,006.4,463,072.8,039.7,F
2024-11-16 15:13:48,004.0,007.3,463,072.8,039.7,F
2024-11-16 15:14:48,004.0,005.6,463,073.1,039.6,F
2024-11-16 15:15:48,003.4,005.1,464,072.9,039.6,F
2024-11-16 15:16:48,003.8,005.4,465,073.0,039.6,F
2024-11-16 15:17:48,003.7,005.6,464,073.3,039.6,F
2024-11-16 15:18:48,004.0,006.4,466,073.1,039.6,F
2024-11-16 15:19:48,004.2,006.6,470,073.2,039.7,F
2024-11-16 15:20:48,004.0,006.7,473,073.2,039.7,F
2024-11-16 15:21:48,004.3,006.7,475,073.3,039.8,F
2024-11-16 15:22:48,003.9,005.9,474,073.5,039.7,F
2024-11-16 15:23:48,003.5,005.4,475,073.4,039.6,F
2024-11-16 15:24:48,003.2,005.5,473,073.3,039.6,F
2024-11-16 15:25:48,003.5,005.2,461,073.5,039.6,F
2024-11-16 15:26:48,003.7,005.6,454,073.3,039.7,F
2024-11-16 15:27:48,003.9,006.2,447,073.2,039.8,F
2024-11-16 15:28:48,003.4,006.0,445,073.1,039.9,F
2024-11-16 15:29:48,003.6,006.0,442,073.0,039.9,F
2024-11-16 15:30:48,003.7,006.2,445,072.9,040.1,F
2024-11-16 15:31:48,003.5,005.5,444,072.9,040.1,F
2024-11-16 15:32:48,003.7,006.1,441,072.8,040.1,F
2024-11-16 15:33:48,003.3,005.8,436,072.9,040.1,F
2024-11-16 15:34:48,003.3,005.3,435,072.7,040.1,F
2024-11-16 15:35:48,003.8,006.7,433,072.7,040.3,F
2024-11-16 15:36:48,003.5,005.7,438,072.9,040.2,F
2024-11-16 15:37:48,003.7,005.8,445,072.8,040.2,F
2024-11-16 15:38:48,003.9,006.7,448,072.8,040.2,F
2024-11-16 15:39:48,004.0,006.2,452,072.8,040.2,F
2024-11-16 15:40:48,003.9,006.7,457,072.9,040.3,F
2024-11-16 15:41:48,003.9,005.8,459,073.1,040.2,F
2024-11-16 15:42:48,003.4,005.4,462,073.0,040.2,F
2024-11-16 15:43:48,003.8,005.8,462,073.0,040.3,F
2024-11-16 15:44:48,004.5,006.8,463,073.3,040.2,F
2024-11-16 15:45:48,004.2,007.0,465,073.1,040.2,F
2024-11-16 15:46:48,003.8,005.7,468,073.2,040.3,F
2024-11-16 15:47:48,003.8,006.1,470,073.4,040.2,F
2024-11-16 15:48:48,003.6,005.3,472,073.3,040.1,F
2024-11-16 15:49:48,004.2,005.7,475,073.3,040.1,F
2024-11-16 15:50:48,003.9,006.3,473,073.4,040.1,F
2024-11-16 15:51:48,004.8,007.9,473,073.4,040.2,F
2024-11-16 15:52:48,004.1,006.1,478,073.7,040.0,F
2024-11-16 15:53:48,003.9,006.5,479,073.5,040.0,F
2024-11-16 15:54:48,004.6,007.4,482,073.6,040.0,F
2024-11-16 15:55:48,004.6,007.0,485,073.8,039.8,F
2024-11-16 15:56:48,003.8,005.9,477,073.6,039.4,F
2024-11-16 15:57:48,003.9,006.2,464,073.5,038.8,F
2024-11-16 15:58:48,003.3,005.4,455,073.6,038.3,F
2024-11-16 15:59:48,004.0,006.6,451,073.3,038.1,F
2024-11-16 16:00:48,003.9,006.2,449,073.2,038.0,F
2024-11-16 16:01:48,004.0,006.3,445,073.1,037.7,F
2024-11-16 16:02:48,003.1,005.1,442,073.0,037.4,F
2024-11-16 16:03:48,002.8,004.2,437,073.1,037.0,F
2024-11-16 16:04:48,003.3,005.0,432,072.8,036.6,F
2024-11-16 16:05:48,003.4,004.8,431,072.7,036.8,F
2024-11-16 16:06:48,003.6,006.0,434,072.9,037.4,F
2024-11-16 16:07:48,003.8,006.5,443,072.8,037.9,F
2024-11-16 16:08:48,003.9,006.1,448,072.8,038.2,F
2024-11-16 16:09:48,003.9,006.3,453,073.1,038.2,F
2024-11-16 16:10:48,003.5,005.7,463,072.9,038.4,F
2024-11-16 16:11:48,004.0,006.6,464,072.9,038.4,F
2024-11-16 16:12:48,004.0,006.0,465,073.0,038.4,F
2024-11-16 16:13:48,004.0,006.5,468,073.1,038.6,F
2024-11-16 16:14:48,003.7,006.0,473,073.3,038.5,F
2024-11-16 16:15:48,004.8,007.1,472,073.2,038.5,F
2024-11-16 16:16:48,004.2,007.3,472,073.2,038.6,F
2024-11-16 16:17:48,003.8,006.1,473,073.5,038.5,F
2024-11-16 16:18:48,003.9,006.1,473,073.3,038.5,F
2024-11-16 16:19:48,004.5,007.3,472,073.4,038.4,F
2024-11-16 16:20:48,004.8,007.7,474,073.6,038.3,F
2024-11-16 16:21:48,004.2,005.6,475,073.5,038.3,F
2024-11-16 16:22:48,003.7,005.6,474,073.5,038.3,F
2024-11-16 16:23:48,004.6,007.2,478,073.6,038.4,F
2024-11-16 16:24:48,003.6,005.7,479,073.6,038.5,F
2024-11-16 16:25:48,004.4,006.8,479,073.8,038.4,F
2024-11-16 16:26:48,004.2,007.0,477,073.6,037.8,F
2024-11-16 16:27:48,003.7,005.9,461,073.6,036.5,F
2024-11-16 16:28:48,003.5,005.9,449,073.7,035.6,F
2024-11-16 16:29:48,003.4,005.0,445,073.4,035.3,F
2024-11-16 16:30:48,003.4,005.4,441,073.3,035.2,F
2024-11-16 16:31:48,003.6,006.2,439,073.2,035.0,F
2024-11-16 16:32:48,003.5,005.8,434,073.0,035.0,F
2024-11-16 16:33:48,003.9,006.4,432,072.9,034.7,F
2024-11-16 16:34:48,004.4,007.1,432,072.8,034.6,F
2024-11-16 16:35:48,003.8,006.6,430,072.7,034.7,F
2024-11-16 16:36:48,003.3,005.0,430,072.9,035.1,F
2024-11-16 16:37:48,004.2,006.8,433,072.7,035.6,F
2024-11-16 16:38:48,003.9,006.6,437,072.8,036.2,F
2024-11-16 16:39:48,004.1,006.8,443,072.9,036.3,F
2024-11-16 16:40:48,003.9,006.2,445,072.8,036.3,F
2024-11-16 16:41:48,003.8,006.1,450,072.8,036.5,F
2024-11-16 16:42:48,004.0,006.6,456,072.9,036.5,F
2024-11-16 16:43:48,004.0,007.1,461,072.9,036.7,F
2024-11-16 16:44:48,003.7,005.5,462,073.2,036.7,F
2024-11-16 16:45:48,003.6,005.5,459,073.0,036.6,F
2024-11-16 16:46:48,003.0,004.7,459,073.1,036.7,F
2024-11-16 16:47:48,003.7,006.2,463,073.3,036.6,F
2024-11-16 16:48:48,003.3,005.6,462,073.2,036.5,F
2024-11-16 16:49:48,003.9,006.7,462,073.2,036.6,F
2024-11-16 16:50:48,004.7,007.2,465,073.5,036.6,F
2024-11-16 16:51:48,003.7,005.8,468,073.3,036.7,F
2024-11-16 16:52:48,004.2,006.6,472,073.4,036.7,F
2024-11-16 16:53:48,005.3,008.9,475,073.4,036.4,F
2024-11-16 16:54:48,004.1,006.8,482,073.3,036.6,F
2024-11-16 16:55:48,003.8,006.0,473,073.5,035.7,F
2024-11-16 16:56:48,005.0,007.9,459,073.2,035.3,F
2024-11-16 16:57:48,004.3,006.5,452,073.1,035.2,F
2024-11-16 16:58:48,004.3,006.9,452,073.2,035.1,F
2024-11-16 16:59:48,004.9,007.8,449,072.9,035.1,F
2024-11-16 17:00:48,004.5,007.3,445,072.8,035.2,F
2024-11-16 17:01:48,005.5,009.0,443,072.8,035.1,F
2024-11-16 17:02:48,005.5,007.9,441,072.5,035.2,F
2024-11-16 17:03:48,004.7,007.5,439,072.4,035.2,F
2024-11-16 17:04:48,003.9,006.4,437,072.3,035.3,F
2024-11-16 17:05:48,003.8,005.8,435,072.2,035.4,F
2024-11-16 17:06:48,004.1,006.2,434,072.3,035.5,F
2024-11-16 17:07:48,003.8,005.7,441,072.1,036.0,F
2024-11-16 17:08:48,004.5,007.2,449,072.2,036.4,F
2024-11-16 17:09:48,004.1,006.1,446,072.5,036.4,F
2024-11-16 17:10:48,004.9,008.2,453,072.3,036.4,F
2024-11-16 17:11:48,003.9,006.3,456,072.3,036.7,F
2024-11-16 17:12:48,004.5,006.4,474,072.4,036.9,F
2024-11-16 17:13:48,003.8,006.1,483,072.5,037.0,F
2024-11-16 17:14:48,003.9,006.3,480,072.6,036.9,F
2024-11-16 17:15:48,004.2,006.6,478,072.7,036.9,F
2024-11-16 17:16:48,003.8,005.6,472,072.7,037.0,F
2024-11-16 17:17:48,003.5,005.2,471,073.0,036.9,F
2024-11-16 17:18:48,003.6,005.8,476,072.9,037.0,F
2024-11-16 17:19:48,004.5,007.0,478,072.9,037.1,F
2024-11-16 17:20:48,004.2,005.8,481,073.1,037.0,F
2024-11-16 17:21:48,004.5,007.3,483,073.1,037.0,F
2024-11-16 17:22:48,005.4,008.6,484,073.1,037.1,F
2024-11-16 17:23:48,005.0,007.8,488,073.1,037.0,F
2024-11-16 17:24:48,004.9,007.1,489,073.2,037.0,F
2024-11-16 17:25:48,006.3,009.5,479,073.1,036.6,F
2024-11-16 17:26:48,006.2,009.3,461,073.1,036.3,F
2024-11-16 17:27:48,005.9,009.3,452,073.0,036.3,F
2024-11-16 17:28:48,006.2,010.1,449,073.1,036.2,F
2024-11-16 17:29:48,005.4,008.2,448,072.8,036.2,F
2024-11-16 17:30:48,006.1,009.4,445,072.6,036.3,F
2024-11-16 17:31:48,006.3,009.9,443,072.7,036.3,F
2024-11-16 17:32:48,006.4,010.1,444,072.4,036.3,F
2024-11-16 17:33:48,005.9,009.5,444,072.2,036.2,F
2024-11-16 17:34:48,004.5,006.8,439,072.1,036.2,F
2024-11-16 17:35:48,005.0,007.5,435,072.1,036.3,F
2024-11-16 17:36:48,005.0,008.3,433,072.1,036.2,F
2024-11-16 17:37:48,004.3,006.9,434,072.0,036.6,F
2024-11-16 17:38:48,005.3,007.2,443,072.1,037.0,F
2024-11-16 17:39:48,004.6,007.0,449,072.3,036.9,F
2024-11-16 17:40:48,004.2,007.0,454,072.2,037.0,F
2024-11-16 17:41:48,005.3,008.0,456,072.2,037.2,F
2024-11-16 17:42:48,005.0,008.3,475,072.5,037.4,F
2024-11-16 17:43:48,005.0,007.6,478,072.4,037.4,F
2024-11-16 17:44:48,005.3,008.4,474,072.4,037.3,F
2024-11-16 17:45:48,005.0,007.8,471,072.5,037.3,F
2024-11-16 17:46:48,004.8,007.6,471,072.5,037.4,F
2024-11-16 17:47:48,004.7,007.1,472,072.8,037.4,F
2024-11-16 17:48:48,005.8,008.9,473,072.7,037.4,F
2024-11-16 17:49:48,005.3,008.6,475,072.7,037.4,F
2024-11-16 17:50:48,005.4,009.2,475,073.0,037.3,F
2024-11-16 17:51:48,004.9,008.3,476,073.0,037.4,F
2024-11-16 17:52:48,005.0,008.1,475,072.9,037.5,F
2024-11-16 17:53:48,005.1,008.3,480,073.1,037.5,F
2024-11-16 17:54:48,004.7,006.6,479,073.0,037.4,F
2024-11-16 17:55:48,005.2,007.3,472,072.9,036.9,F
2024-11-16 17:56:48,004.8,007.4,456,072.9,036.5,F
2024-11-16 17:57:48,005.9,008.6,447,072.7,036.4,F
2024-11-16 17:58:48,005.5,008.1,443,072.8,036.3,F
2024-11-16 17:59:48,005.9,008.9,446,072.5,036.3,F
2024-11-16 18:00:48,006.8,010.7,444,072.3,036.4,F
2024-11-16 18:01:48,006.4,010.8,439,072.4,036.3,F
2024-11-16 18:02:48,005.6,009.0,436,072.1,036.3,F
2024-11-16 18:03:48,005.8,009.4,437,072.0,036.4,F
2024-11-16 18:04:48,008.7,015.0,437,072.1,036.4,F
2024-11-16 18:05:48,009.4,014.8,436,071.8,036.4,F
2024-11-16 18:06:48,006.4,009.7,435,071.7,036.5,F
2024-11-16 18:07:48,006.1,009.7,436,071.7,036.7,F
2024-11-16 18:08:48,005.7,009.5,440,071.8,037.2,F
2024-11-16 18:09:48,006.2,009.9,443,072.0,037.2,F
2024-11-16 18:10:48,005.6,009.2,448,071.9,037.3,F
2024-11-16 18:11:48,005.6,008.1,450,072.0,037.5,F
2024-11-16 18:12:48,006.5,010.4,453,072.2,037.4,F
2024-11-16 18:13:48,006.7,010.5,456,072.1,037.5,F
2024-11-16 18:14:48,006.1,009.5,460,072.2,037.6,F
2024-11-16 18:15:48,006.7,011.2,461,072.2,037.7,F
2024-11-16 18:16:48,006.8,010.5,464,072.3,037.6,F
2024-11-16 18:17:48,006.3,010.3,469,072.4,037.7,F
2024-11-16 18:18:48,006.7,010.6,473,072.4,037.7,F
2024-11-16 18:19:48,006.9,009.5,472,072.5,037.7,F
2024-11-16 18:20:48,006.2,009.8,475,072.7,037.7,F
2024-11-16 18:21:48,006.8,010.5,476,072.6,037.7,F
2024-11-16 18:22:48,006.4,010.0,478,072.7,037.8,F
2024-11-16 18:23:48,006.4,009.7,479,072.9,037.7,F
2024-11-16 18:24:48,006.6,009.9,480,072.8,037.8,F
2024-11-16 18:25:48,007.3,011.1,482,072.8,037.4,F
2024-11-16 18:26:48,007.7,011.7,476,072.8,037.0,F
2024-11-16 18:27:48,007.5,011.9,463,072.6,036.9,F
2024-11-16 18:28:48,008.1,012.4,456,072.7,036.7,F
2024-11-16 18:29:48,007.2,011.2,451,072.4,036.9,F
2024-11-16 18:30:48,009.3,015.5,451,072.2,037.0,F
2024-11-16 18:31:48,010.4,016.5,448,072.3,036.9,F
2024-11-16 18:32:48,008.6,013.1,442,072.0,037.0,F
2024-11-16 18:33:48,007.9,011.5,440,071.9,037.1,F
2024-11-16 18:34:48,006.8,010.3,436,072.0,037.0,F
2024-11-16 18:35:48,007.5,012.0,435,071.7,037.0,F
2024-11-16 18:36:48,007.9,012.8,435,071.6,037.1,F
2024-11-16 18:37:48,007.1,010.5,436,071.5,037.4,F
2024-11-16 18:38:48,006.8,010.9,440,071.6,037.8,F
2024-11-16 18:39:48,006.8,011.2,447,071.9,037.7,F
2024-11-16 18:40:48,007.5,011.4,450,071.7,037.7,F
2024-11-16 18:41:49,006.7,010.1,455,071.8,037.9,F
2024-11-16 18:42:49,006.6,010.9,457,072.1,037.8,F
2024-11-16 18:43:49,006.6,010.6,464,072.0,037.9,F
2024-11-16 18:44:49,007.4,011.7,475,072.0,038.2,F
2024-11-16 18:45:49,007.0,010.5,482,072.1,038.1,F
2024-11-16 18:46:49,006.7,010.6,490,072.2,038.3,F
2024-11-16 18:47:49,007.2,011.8,501,072.4,038.2,F
2024-11-16 18:48:49,007.1,011.0,509,072.3,038.3,F
2024-11-16 18:49:49,007.0,011.2,511,072.4,038.4,F
2024-11-16 18:50:49,006.8,011.4,515,072.6,038.3,F
2024-11-16 18:51:49,007.4,011.3,518,072.5,038.2,F
2024-11-16 18:52:49,007.3,011.1,519,072.6,038.4,F
2024-11-16 18:53:49,007.2,011.3,519,072.8,038.3,F
2024-11-16 18:54:49,006.7,010.1,526,072.7,038.4,F
2024-11-16 18:55:49,006.6,011.1,530,072.8,038.4,F
2024-11-16 18:56:49,006.7,009.9,532,072.8,038.4,F
2024-11-16 18:57:49,006.9,010.5,534,072.9,038.4,F
2024-11-16 18:58:49,007.6,012.6,532,073.0,038.0,F
2024-11-16 18:59:49,009.3,014.1,521,072.8,037.6,F
2024-11-16 19:00:49,008.8,014.2,507,072.7,037.6,F
2024-11-16 19:01:49,007.5,012.2,500,072.7,037.5,F
2024-11-16 19:02:49,006.8,010.5,501,072.4,037.5,F
2024-11-16 19:03:50,006.8,010.5,497,072.2,037.6,F
2024-11-16 19:04:50,007.7,012.1,485,072.1,037.5,F
2024-11-16 19:05:50,007.7,012.5,477,071.9,037.7,F
2024-11-16 19:06:50,009.1,014.6,470,072.0,037.6,F
2024-11-16 19:07:50,008.1,012.9,467,071.6,037.8,F
2024-11-16 19:08:50,007.6,012.1,473,071.7,038.2,F
2024-11-16 19:09:50,007.3,011.3,485,072.0,038.3,F
2024-11-16 19:10:50,006.7,010.7,489,071.9,038.3,F
2024-11-16 19:11:50,007.7,012.0,491,072.0,038.3,F
2024-11-16 19:12:50,007.2,011.8,494,072.1,038.3,F
2024-11-16 19:13:50,007.3,010.8,496,072.2,038.4,F
2024-11-16 19:14:50,008.7,014.9,500,072.4,038.3,F
2024-11-16 19:15:50,008.4,013.9,511,072.3,038.3,F
2024-11-16 19:16:50,008.0,013.3,526,072.4,038.5,F
2024-11-16 19:17:50,009.2,014.7,537,072.7,038.4,F
2024-11-16 19:18:50,008.7,013.9,544,072.6,038.4,F
2024-11-16 19:19:50,009.0,014.9,544,072.6,038.5,F
2024-11-16 19:20:50,008.6,013.6,553,072.8,038.4,F
2024-11-16 19:21:50,008.0,011.5,559,072.7,038.4,F
2024-11-16 19:22:50,008.0,012.1,562,072.8,038.4,F
2024-11-16 19:23:50,008.0,012.0,572,072.9,038.4,F
2024-11-16 19:24:50,008.1,012.7,585,072.8,038.7,F
2024-11-16 19:25:50,008.0,012.4,588,073.0,038.6,F
2024-11-16 19:26:50,008.2,013.6,584,072.9,038.6,F
2024-11-16 19:27:50,009.2,015.2,597,073.0,038.7,F
2024-11-16 19:28:50,008.6,014.0,607,073.2,038.4,F
2024-11-16 19:29:50,009.0,013.6,591,072.9,037.9,F
2024-11-16 19:30:50,009.4,014.2,581,072.7,038.0,F
2024-11-16 19:31:50,009.5,014.9,569,072.8,037.8,F
2024-11-16 19:32:50,010.1,015.0,554,072.5,037.7,F
2024-11-16 19:33:50,009.1,014.4,540,072.4,037.5,F
2024-11-16 19:34:50,008.7,013.2,528,072.3,037.5,F
2024-11-16 19:35:50,013.9,021.2,520,072.2,037.5,F
2024-11-16 19:36:50,013.7,022.1,512,072.2,037.4,F
2024-11-16 19:37:50,011.0,017.7,505,071.9,037.4,F
2024-11-16 19:38:50,010.9,016.6,507,071.9,037.9,F
2024-11-16 19:39:50,009.9,015.2,515,072.1,038.0,F
2024-11-16 19:40:50,009.9,015.0,524,072.1,038.0,F
2024-11-16 19:41:50,010.8,017.9,525,072.1,038.1,F
2024-11-16 19:42:50,010.6,016.5,528,072.3,038.1,F
2024-11-16 19:43:50,009.4,014.6,529,072.2,038.1,F
2024-11-16 19:44:50,010.6,016.8,536,072.3,038.2,F
2024-11-16 19:45:50,010.2,016.6,550,072.3,038.3,F
2024-11-16 19:46:50,010.4,016.2,566,072.4,038.4,F
2024-11-16 19:47:50,010.3,016.1,576,072.6,038.4,F
2024-11-16 19:48:50,010.2,016.1,582,072.5,038.5,F
2024-11-16 19:49:50,010.9,017.4,594,072.5,038.6,F
2024-11-16 19:50:50,010.4,016.8,600,072.8,038.5,F
2024-11-16 19:51:50,011.0,017.6,606,072.6,038.5,F
2024-11-16 19:52:50,010.3,016.7,608,072.7,038.6,F
2024-11-16 19:53:50,010.4,016.6,610,072.9,038.5,F
2024-11-16 19:54:50,010.4,016.7,609,072.8,038.5,F
2024-11-16 19:55:50,010.8,017.9,618,072.9,038.6,F
2024-11-16 19:56:50,011.0,017.6,623,072.9,038.6,F
2024-11-16 19:57:50,010.9,018.0,632,072.9,038.7,F
2024-11-16 19:58:50,011.4,016.8,627,073.0,038.2,F
2024-11-16 19:59:50,009.0,014.8,605,072.8,037.7,F
2024-11-16 20:00:50,008.7,014.1,590,072.6,037.8,F
2024-11-16 20:01:50,009.2,014.3,579,072.7,037.6,F
2024-11-16 20:02:50,010.2,015.4,568,072.3,037.5,F
2024-11-16 20:03:50,010.2,016.5,557,072.2,037.5,F
2024-11-16 20:04:50,008.8,014.0,546,072.2,037.5,F
2024-11-16 20:05:50,009.1,014.0,537,071.9,037.5,F
2024-11-16 20:06:50,009.1,014.9,529,071.7,037.5,F
2024-11-16 20:07:50,008.1,012.9,521,071.6,037.4,F
2024-11-16 20:08:50,008.4,012.8,515,071.5,037.7,F
2024-11-16 20:09:50,009.1,013.9,522,071.8,038.0,F
2024-11-16 20:10:50,008.7,014.0,531,071.7,038.1,F
2024-11-16 20:11:50,008.6,012.5,536,071.8,038.2,F
2024-11-16 20:12:50,007.9,012.4,540,072.0,038.2,F
2024-11-16 20:13:50,008.3,013.9,543,071.9,038.3,F
2024-11-16 20:14:50,008.3,012.2,548,072.0,038.3,F
2024-11-16 20:15:50,007.8,012.7,563,072.1,038.5,F
2024-11-16 20:16:50,008.4,012.9,579,072.1,038.7,F
2024-11-16 20:17:50,008.7,014.1,591,072.3,038.7,F
2024-11-16 20:18:50,008.3,012.7,600,072.2,038.7,F
2024-11-16 20:19:50,009.1,013.7,608,072.3,038.9,F
2024-11-16 20:20:50,008.7,013.6,607,072.6,038.8,F
2024-11-16 20:21:50,008.3,013.1,608,072.4,038.8,F
2024-11-16 20:22:50,008.6,013.1,615,072.5,039.0,F
2024-11-16 20:23:50,009.2,012.7,619,072.7,038.8,F
2024-11-16 20:24:50,007.4,011.2,622,072.6,038.9,F
2024-11-16 20:25:50,007.9,012.6,630,072.7,038.9,F
2024-11-16 20:26:50,008.6,014.6,638,072.7,038.9,F
2024-11-16 20:27:50,008.0,012.4,642,072.8,039.0,F
2024-11-16 20:28:50,009.9,015.9,649,072.9,038.7,F
2024-11-16 20:29:50,009.3,014.3,627,072.6,038.1,F
2024-11-16 20:30:50,007.8,011.8,610,072.5,038.0,F
2024-11-16 20:31:50,007.7,011.8,600,072.5,037.8,F
2024-11-16 20:32:50,008.5,013.2,586,072.2,037.6,F
2024-11-16 20:33:50,007.7,012.0,569,072.1,037.6,F
2024-11-16 20:34:50,009.3,014.2,554,072.1,037.4,F
2024-11-16 20:35:50,009.6,015.8,541,071.8,037.3,F
2024-11-16 20:36:50,009.9,016.0,534,071.7,037.3,F
2024-11-16 20:37:50,009.5,015.3,524,071.6,037.2,F
2024-11-16 20:38:50,008.0,012.1,514,071.5,037.3,F
2024-11-16 20:39:50,008.4,013.1,520,071.7,037.6,F
2024-11-16 20:40:50,008.8,014.0,527,071.6,037.8,F
2024-11-16 20:41:50,008.9,014.3,534,071.7,038.0,F
2024-11-16 20:42:50,008.1,012.9,543,071.9,038.0,F
2024-11-16 20:43:50,008.1,012.7,549,071.8,038.2,F
2024-11-16 20:44:50,008.2,012.8,557,071.8,038.3,F
2024-11-16 20:45:50,009.3,014.4,563,072.1,038.4,F
2024-11-16 20:46:50,008.6,012.6,579,072.0,038.5,F
2024-11-16 20:47:50,008.5,013.1,593,072.0,038.6,F
2024-11-16 20:48:50,008.2,012.7,602,072.1,038.6,F
2024-11-16 20:49:50,007.3,011.4,617,072.2,038.8,F
2024-11-16 20:50:50,007.9,013.0,625,072.4,038.8,F
2024-11-16 20:51:50,008.0,012.5,629,072.3,038.8,F
2024-11-16 20:52:50,007.2,011.3,643,072.3,039.2,F
2024-11-16 20:53:50,008.0,012.3,628,072.5,038.9,F
2024-11-16 20:54:50,007.9,012.8,634,072.4,038.9,F
2024-11-16 20:55:50,007.6,011.9,648,072.4,039.0,F
2024-11-16 20:56:50,007.6,011.1,651,072.5,038.9,F
2024-11-16 20:57:51,008.0,012.7,667,072.6,039.2,F
2024-11-16 20:58:51,007.0,011.0,687,072.8,039.2,F
2024-11-16 20:59:51,008.6,013.4,693,072.6,038.9,F
2024-11-16 21:00:51,007.8,012.2,657,072.5,038.4,F
2024-11-16 21:01:51,008.2,013.1,630,072.5,038.0,F
2024-11-16 21:02:51,010.2,016.1,614,072.2,037.9,F
2024-11-16 21:03:51,011.7,018.5,599,072.2,037.7,F
2024-11-16 21:04:51,014.6,024.2,580,072.0,037.4,F
2024-11-16 21:05:51,012.6,020.0,567,071.9,037.4,F
2024-11-16 21:06:51,012.4,018.2,551,072.0,037.2,F
2024-11-16 21:07:51,011.3,018.2,544,071.7,037.2,F
2024-11-16 21:08:51,011.4,016.8,539,071.6,037.2,F
2024-11-16 21:09:51,009.6,015.4,537,071.7,037.5,F
2024-11-16 21:10:51,009.7,015.5,550,071.6,037.8,F
2024-11-16 21:11:51,010.5,016.2,558,071.7,038.0,F
2024-11-16 21:12:51,010.3,015.8,559,071.9,038.0,F
2024-11-16 21:13:51,010.2,015.6,564,071.8,038.1,F
2024-11-16 21:14:51,009.3,014.6,568,071.8,038.1,F
2024-11-16 21:15:51,009.2,015.1,577,071.9,038.2,F
2024-11-16 21:16:51,009.3,014.1,585,072.0,038.4,F
2024-11-16 21:17:51,008.7,013.8,606,072.2,038.4,F
2024-11-16 21:18:51,009.7,014.9,621,072.1,038.6,F
2024-11-16 21:19:51,008.8,013.8,631,072.2,038.7,F
2024-11-16 21:20:51,008.9,013.3,636,072.4,038.7,F
2024-11-16 21:21:51,010.3,015.6,641,072.3,038.7,F
2024-11-16 21:22:51,009.6,015.3,645,072.4,038.9,F
2024-11-16 21:23:51,010.2,015.6,652,072.6,038.8,F
2024-11-16 21:24:51,010.2,016.7,657,072.5,038.8,F
2024-11-16 21:25:51,009.3,015.1,660,072.5,038.8,F
2024-11-16 21:26:51,009.5,014.8,665,072.6,038.8,F
2024-11-16 21:27:51,009.9,015.7,672,072.7,039.0,F
2024-11-16 21:28:51,008.9,014.5,676,072.9,038.9,F
2024-11-16 21:29:51,010.6,015.8,683,072.7,038.8,F
2024-11-16 21:30:51,009.3,014.9,660,072.6,038.3,F
2024-11-16 21:31:51,009.7,014.9,634,072.7,037.9,F
2024-11-16 21:32:51,010.1,016.1,618,072.4,037.7,F
2024-11-16 21:33:51,009.5,015.0,608,072.2,037.6,F
2024-11-16 21:34:51,008.4,013.0,588,072.3,037.3,F
2024-11-16 21:35:51,009.8,015.9,570,071.9,037.2,F
2024-11-16 21:36:51,010.4,016.7,553,071.8,037.1,F
2024-11-16 21:37:51,009.9,015.9,543,071.7,036.9,F
2024-11-16 21:38:51,009.6,014.8,532,071.6,036.9,F
2024-11-16 21:39:51,009.7,016.0,528,071.7,037.0,F
2024-11-16 21:40:51,009.1,014.8,538,071.6,037.5,F
2024-11-16 21:41:51,008.5,013.1,546,071.7,037.9,F
2024-11-16 21:42:51,009.2,013.9,554,071.9,037.9,F
2024-11-16 21:43:51,008.1,012.4,561,071.8,037.9,F
2024-11-16 21:44:51,008.8,014.2,568,071.8,038.0,F
2024-11-16 21:45:51,008.9,014.8,573,072.1,038.1,F
2024-11-16 21:46:51,009.0,014.9,580,072.0,038.1,F
2024-11-16 21:47:51,007.7,011.6,594,072.0,038.2,F
2024-11-16 21:48:51,008.0,012.8,608,072.1,038.3,F
2024-11-16 21:49:51,008.8,013.9,614,072.2,038.4,F
2024-11-16 21:50:51,008.5,013.6,626,072.4,038.4,F
2024-11-16 21:51:51,007.7,011.9,640,072.2,038.5,F
2024-11-16 21:52:51,008.7,014.7,647,072.3,038.6,F
2024-11-16 21:53:51,009.0,015.0,649,072.6,038.5,F
2024-11-16 21:54:51,008.6,013.7,654,072.4,038.5,F
2024-11-16 21:55:51,009.0,014.4,662,072.5,038.6,F
2024-11-16 21:56:51,009.0,014.0,660,072.7,038.4,F
2024-11-16 21:57:51,008.9,013.6,659,072.6,038.4,F
2024-11-16 21:58:51,008.9,014.5,665,072.7,038.5,F
2024-11-16 21:59:51,010.2,016.0,674,072.6,038.4,F
2024-11-16 22:00:51,009.5,014.9,663,072.5,037.9,F
2024-11-16 22:01:51,009.1,014.2,638,072.5,037.5,F
2024-11-16 22:02:51,008.0,012.3,623,072.2,037.3,F
2024-11-16 22:03:51,008.8,014.0,613,072.1,037.3,F
2024-11-16 22:04:51,008.7,012.8,593,072.1,037.0,F
2024-11-16 22:05:51,009.0,014.9,575,071.9,036.7,F
2024-11-16 22:06:51,008.5,013.1,561,071.7,036.7,F
2024-11-16 22:07:51,008.6,013.2,548,071.7,036.5,F
2024-11-16 22:08:51,008.2,012.7,536,071.4,036.4,F
2024-11-16 22:09:51,008.0,012.7,526,071.3,036.5,F
2024-11-16 22:10:51,008.6,013.5,530,071.3,037.0,F
2024-11-16 22:11:51,008.6,012.6,545,071.4,037.4,F
2024-11-16 22:12:51,007.6,011.8,553,071.7,037.4,F
2024-11-16 22:13:51,008.1,012.2,556,071.6,037.6,F
2024-11-16 22:14:51,008.4,013.8,568,071.6,037.7,F
2024-11-16 22:15:51,007.8,011.8,572,071.9,037.7,F
2024-11-16 22:16:51,008.7,014.0,583,071.8,037.8,F
2024-11-16 22:17:51,007.6,012.7,608,071.8,038.1,F
2024-11-16 22:18:51,006.7,010.6,627,071.9,038.3,F
2024-11-16 22:19:52,007.2,011.2,632,071.9,038.3,F
2024-11-16 22:20:52,008.3,013.6,641,072.2,038.3,F
2024-11-16 22:21:52,008.1,013.2,649,072.1,038.3,F
2024-11-16 22:22:52,006.9,010.5,656,072.2,038.4,F
2024-11-16 22:23:52,007.4,011.8,663,072.4,038.4,F
2024-11-16 22:24:52,007.5,011.7,665,072.3,038.4,F
2024-11-16 22:25:52,007.8,011.5,668,072.4,038.5,F
2024-11-16 22:26:52,007.5,011.8,673,072.4,038.5,F
2024-11-16 22:27:52,007.3,011.5,679,072.4,038.6,F
2024-11-16 22:28:52,007.7,011.7,682,072.7,038.5,F
2024-11-16 22:29:52,007.4,011.7,684,072.6,038.5,F
2024-11-16 22:30:52,008.8,014.2,673,072.4,038.0,F
2024-11-16 22:31:52,008.4,012.9,639,072.5,037.3,F
2024-11-16 22:32:52,008.6,013.8,617,072.1,037.1,F
2024-11-16 22:33:52,008.5,013.7,606,072.0,037.1,F
2024-11-16 22:34:52,008.4,012.8,591,072.1,036.7,F
2024-11-16 22:35:52,007.9,012.0,574,071.7,036.5,F
2024-11-16 22:36:52,008.0,013.1,561,071.6,036.3,F
2024-11-16 22:37:52,008.9,013.0,545,071.4,036.3,F
2024-11-16 22:38:52,008.9,014.0,534,071.3,036.2,F
2024-11-16 22:39:52,008.7,014.1,527,071.4,036.1,F
2024-11-16 22:40:52,009.1,015.1,527,071.2,036.6,F
2024-11-16 22:41:52,009.0,012.6,541,071.3,037.0,F
2024-11-16 22:42:52,007.7,011.9,549,071.5,037.2,F
2024-11-16 22:43:52,007.8,011.9,556,071.4,037.3,F
2024-11-16 22:44:52,008.2,012.9,561,071.5,037.4,F
2024-11-16 22:45:52,008.3,012.9,567,071.7,037.5,F
2024-11-16 22:46:52,007.8,012.1,572,071.6,037.5,F
2024-11-16 22:47:52,007.6,012.3,587,071.7,037.7,F
2024-11-16 22:48:52,007.1,011.6,605,071.7,037.9,F
2024-11-16 22:49:52,007.1,011.6,614,071.8,038.1,F
2024-11-16 22:50:52,007.0,010.6,619,072.0,038.0,F
2024-11-16 22:51:52,007.1,010.9,625,071.9,038.1,F
2024-11-16 22:52:52,007.5,012.6,635,072.0,038.3,F
2024-11-16 22:53:52,007.4,011.1,639,072.3,038.2,F
2024-11-16 22:54:52,006.7,011.0,636,072.1,038.2,F
2024-11-16 22:55:52,007.1,011.6,638,072.2,038.1,F
2024-11-16 22:56:52,007.1,010.8,643,072.2,038.2,F
2024-11-16 22:57:52,006.6,010.5,647,072.3,038.3,F
2024-11-16 22:58:52,006.7,010.8,652,072.4,038.2,F
2024-11-16 22:59:52,007.0,011.1,659,072.4,038.2,F
2024-11-16 23:00:52,007.3,010.5,626,072.3,037.2,F
2024-11-16 23:01:52,006.8,010.6,600,072.3,036.6,F
2024-11-16 23:02:52,007.2,009.6,584,072.0,036.3,F
2024-11-16 23:03:52,006.8,011.8,568,071.9,036.2,F
2024-11-16 23:04:52,007.2,011.9,554,071.9,035.9,F
2024-11-16 23:05:52,007.7,011.6,540,071.6,035.7,F
2024-11-16 23:06:52,007.2,011.4,529,071.5,035.5,F
2024-11-16 23:07:52,007.0,011.4,521,071.3,035.4,F
2024-11-16 23:08:52,006.5,010.4,512,071.2,035.4,F
2024-11-16 23:09:52,007.3,011.4,503,071.1,035.2,F
2024-11-16 23:10:52,006.5,010.4,499,071.0,035.3,F
2024-11-16 23:11:52,007.5,011.9,509,071.1,036.1,F
2024-11-16 23:12:52,007.4,011.9,523,071.3,036.3,F
2024-11-16 23:13:52,007.1,011.0,531,071.2,036.4,F
2024-11-16 23:14:52,008.0,012.2,536,071.3,036.7,F
2024-11-16 23:15:52,006.5,009.8,543,071.5,036.7,F
2024-11-16 23:16:52,006.6,010.9,549,071.4,036.9,F
2024-11-16 23:17:52,006.9,010.6,561,071.5,037.1,F
2024-11-16 23:18:52,007.2,011.2,571,071.5,037.2,F
2024-11-16 23:19:52,007.5,011.7,583,071.6,037.4,F
2024-11-16 23:20:52,007.0,010.6,594,071.7,037.4,F
2024-11-16 23:21:52,006.3,010.5,597,071.7,037.4,F
2024-11-16 23:22:52,007.7,012.0,598,071.8,037.5,F
2024-11-16 23:23:52,007.0,010.5,599,072.0,037.4,F
2024-11-16 23:24:52,006.4,010.2,602,071.9,037.5,F
2024-11-16 23:25:52,007.0,011.6,605,072.0,037.6,F
2024-11-16 23:26:52,006.1,009.4,611,072.3,037.6,F
2024-11-16 23:27:52,006.7,009.6,617,072.1,037.6,F
2024-11-16 23:28:52,006.8,011.6,618,072.2,037.7,F
2024-11-16 23:29:52,006.6,010.1,624,072.2,037.6,F
2024-11-16 23:30:52,006.1,009.8,612,072.2,037.0,F
2024-11-16 23:31:52,006.6,009.8,586,072.2,036.2,F
2024-11-16 23:32:52,006.1,009.8,569,071.9,035.8,F
2024-11-16 23:33:53,006.7,010.9,560,071.7,035.8,F
2024-11-16 23:34:53,005.9,009.8,542,071.8,035.5,F
2024-11-16 23:35:53,006.5,010.0,531,071.5,035.2,F
2024-11-16 23:36:53,006.8,010.9,518,071.3,035.1,F
2024-11-16 23:37:53,006.9,010.0,509,071.2,035.0,F
2024-11-16 23:38:53,006.7,011.6,501,071.0,035.0,F
2024-11-16 23:39:53,006.7,010.5,499,071.1,034.8,F
2024-11-16 23:40:53,007.1,011.2,496,070.8,034.8,F
2024-11-16 23:41:53,005.6,009.1,502,070.8,035.6,F
2024-11-16 23:42:53,006.5,010.1,511,071.1,035.8,F
2024-11-16 23:43:53,006.4,009.9,522,071.0,036.0,F
2024-11-16 23:44:53,006.6,010.6,520,071.1,036.2,F
2024-11-16 23:45:53,006.3,010.3,524,071.1,036.3,F
2024-11-16 23:46:53,006.1,010.0,536,071.2,036.7,F
2024-11-16 23:47:53,005.8,009.1,545,071.5,036.8,F
2024-11-16 23:48:53,006.1,009.6,556,071.3,036.9,F
2024-11-16 23:49:53,006.4,009.7,570,071.4,037.2,F
2024-11-16 23:50:53,006.7,010.9,574,071.7,037.1,F
2024-11-16 23:51:53,006.3,009.8,583,071.6,037.2,F
2024-11-16 23:52:53,006.6,010.9,588,071.6,037.3,F
2024-11-16 23:53:53,006.1,009.5,595,071.9,037.3,F
2024-11-16 23:54:53,006.4,010.4,596,071.8,037.4,F
2024-11-16 23:55:53,006.7,010.8,598,071.9,037.3,F
2024-11-16 23:56:53,006.3,010.5,599,071.9,037.3,F
2024-11-16 23:57:53,006.1,009.5,602,072.0,037.5,F
2024-11-16 23:58:53,006.2,009.8,605,072.3,037.4,F
2024-11-16 23:59:53,006.4,009.8,610,072.2,037.5,F
